user-id,public_key,private_key
0,LS0tLS1CRUdJTiBQVUJMSUMgS0VZLS0tLS0KTUlJQklqQU5CZ2txaGtpRzl3MEJBUUVGQUFPQ0FROEFNSUlCQ2dLQ0FRRUFoTHJFU0k4MDVEUC9nZnM0ZVdEcwpvdVZ3a0hFNXNaNzE2VVVPb2JyV1Y0aVNKL043VWM4eG8xVkNCaVlSWU1uL2pLOHpKVXZjSTRXZ0kzK3RLNmJFCnFKaFcyOGdaWXFjQngreVRsN1BHb29JMi9Qcm5EM2V6ZkhmbFBLWTdna1RVdWZnY084Y3JpUVZBVkdUVnptUGIKQVlrQTVXejBaNVQyQWJaQTU4akF5enJnb1Z1cUI5RlhGMzFubzFFcWRjc1NwSmFkemdlR1hlMmlnQmMyYkZxSApKT1BLM0s5Q3R1VmtDbTdMZ0ZFMU9yUjJ5SEZSMVhxeVJ3eW0vWHhidWZxbThsK3JMYW1weHJwTzFzd3AxaXFPCnFiSmJ1clhYWllGQyttWVJkZ1BiWmdCSDZMd3RQNk0wWDN0d1NEQzY5d1pUTnRDc24zRGkzY2Y2SDA2Qm9TVDEKeHdJREFRQUIKLS0tLS1FTkQgUFVCTElDIEtFWS0tLS0t,LS0tLS1CRUdJTiBSU0EgUFJJVkFURSBLRVktLS0tLQpNSUlFb3dJQkFBS0NBUUVBaExyRVNJODA1RFAvZ2ZzNGVXRHNvdVZ3a0hFNXNaNzE2VVVPb2JyV1Y0aVNKL043ClVjOHhvMVZDQmlZUllNbi9qSzh6SlV2Y0k0V2dJMyt0SzZiRXFKaFcyOGdaWXFjQngreVRsN1BHb29JMi9Qcm4KRDNlemZIZmxQS1k3Z2tUVXVmZ2NPOGNyaVFWQVZHVFZ6bVBiQVlrQTVXejBaNVQyQWJaQTU4akF5enJnb1Z1cQpCOUZYRjMxbm8xRXFkY3NTcEphZHpnZUdYZTJpZ0JjMmJGcUhKT1BLM0s5Q3R1VmtDbTdMZ0ZFMU9yUjJ5SEZSCjFYcXlSd3ltL1h4YnVmcW04bCtyTGFtcHhycE8xc3dwMWlxT3FiSmJ1clhYWllGQyttWVJkZ1BiWmdCSDZMd3QKUDZNMFgzdHdTREM2OXdaVE50Q3NuM0RpM2NmNkgwNkJvU1QxeHdJREFRQUJBb0lCQUNnQlJ2SDd2OXhjVTlHdwpqNGYrRDdUVlpNVVVhMmcrMmkyeDg4UUpWVnRTdllLdkgyYzhCT0VPN0hSLyt0THFiMHpPN2FKN0orSEkvOGhUClRqV084VTFEaFVKL0lDK2MyS3VTZ2JYQ3FNY0lhbHg3bnpNSlNCN200RUFVZG5GQUg4SGhwMWpaSWlVTllTTk8KdFNhYzhFQ1pNNXp5NXdObFlYU0lveTE1VTZxdEtDOGE2NXhhWUFVZE95Vit4YldSa0s0OGZXWG9aSDB4ckphegpscnBSdFRucnJCY2gzMzhwYnBCY2E1anFucjhBT3lXWmNDY1BaNWE1a2Z3RFJkMlpyME5PWklnSkhxeStTazJRCkV1NjZYbnhuZHpNbWkvVXZaTkdVQ3ZEbXAyR1RyMm1Hd0hVRnFhQm84WkNKZXA5RUF6a2pnYjkwYUZDc1ZVTTYKb01ZU05pRUNnWUVBdFZEbFBpS0tzOEhQa3Q1dWZUcHJOb1NYREhpOFkzcmpNdWVnaUhwMlM2ejlKVHhMeWRocwpOYVN2TG9jUldqRzFudU9zaDJFczVaVklkdldRS2M0cXBSSGJnN29ZdkcrRFF6dlZCdTdRMUFha24wWU0rb1dtCkFyWktYaFVnVXBBekxYVlI1K0lQWU1aUVhsTFBLajRNdXZRZ1NRekltMnRPN1MwUDVyRGtJL2NDZ1lFQXUyYWMKSnVFNE9MdGNRZFRkd3gzMjYwY2lybVcrRmpyeVcrUXpLanVuanlnQTUyYStJZTY1NkVYMUtpZjN0aHFZZFB3VApoc0hxR2poRGhpRklPZGRrcjljSXI0MXB1Z2laaW9tOGtEekEzTWJTOUZndFBFT1JDcTB6L251VUxTcHFvZ2xGCkoxQm9rZ2hPYVowMm1jV2c5R0R0cHhIQkxhZlZmdGhNeUpNaXFMRUNnWUF2bUJ1RTB1WmJ4eTBvblZDZGVKODYKQVZYeEJTUldiS1NFOFQ0M2RRWG1XWE5kdWRVZkY3dFgzWEhLb2RQUlBDa3ptd25udzM5WWlIWXNHOHVLM2I1ZAo5REVPQStTSVdqRTNqZFllYXNQUVZDb1VVUHdKS3RubjdsZlpHR3lTbjUxL2VrTlV2Z2RSWE4wdDFVamlDc1dtCnNYeGtFSUg4SWcvbXZDUm5adG1NQXdLQmdRQ0pVZlJFalM1Y2EvWjdpdGNCZmZpTWlUREJxRzQwN2ZiZ0hRVGQKQXArU3lCWjVlaEVDM21LOThGMXBDYVo3ZTF1U0JaRHRZelQvQjVGN1BQSW02RTJ3aUJxbVFUSmpEcUFzSXlmWQpiWnhKYXl2enZwVlBIcGV1d2lKaWJQMjBadXVDVnRha3EwZ2xFZzhiVndkR2dNbWpxVThiNkdlczQ5b091OEx3CkN0a1AwUUtCZ0hrSXAxTHBCMHFMVDFzMTNSMXphQWRaZ1hlZlN1ZS96YkpFTVZWN0hnNHYyTU93Z3VDRWxxRm4KbzNSb0VNTnFkVHcrd2VLVzlMdGdmZ2dOOHk1TUMyaXgvNlROcW5PeDU4QmhpNm5zMEp1VVQ2SnFHUEhOSXhobQpsSk9oVlE0TEJRSmMrTUFXT2M3eWdKMS9uTzJ2aW54RmJUaVBYVHFNdDcxMDErc05VN3lmCi0tLS0tRU5EIFJTQSBQUklWQVRFIEtFWS0tLS0t
1,LS0tLS1CRUdJTiBQVUJMSUMgS0VZLS0tLS0KTUlJQklqQU5CZ2txaGtpRzl3MEJBUUVGQUFPQ0FROEFNSUlCQ2dLQ0FRRUFwMWRBVXZUZ0RQcDVYK3pBNjhMcgpSaUJVQUUrdWQyL2EzTzZ2TDNvSW5mSDR5cllxc0tzejRuWWM5WDNWbUJ4ejRMK2FtVm94YlVtRTV0akx4TEh6CnRpSDk5ZHd2UXBQcGYyWkJsekZwR2gxSk54K0JaTTJReEVEdXVodnFWcm5tWFAvckJ4NHZqM0oxRG05YnI2MUEKV3hWVGErV1lORXNPZkFzZ20xeVUrZnpCbUZkYjhOU1dsNHJzcUNlMDNVSEZoYXl3TlpKK002TDZvaFlMTVYwMQpTSS8zS3pab3o4N3pXMTcwZDQ2cW1UcFQ0ZnlXVGVLYkxCcGtQZnZzaThEUWRESm1qb1d1UVd5SzBWaTlIMUlDCjF4aEcxNFBLeW8vU3o1Tk1kVGxjcXNBKzJpcStTRTF0ejRXRnYvTUxXWWsveENoeXFSeGRvZGJRVHlaRHdhMmgKZFFJREFRQUIKLS0tLS1FTkQgUFVCTElDIEtFWS0tLS0t,LS0tLS1CRUdJTiBSU0EgUFJJVkFURSBLRVktLS0tLQpNSUlFcEFJQkFBS0NBUUVBcDFkQVV2VGdEUHA1WCt6QTY4THJSaUJVQUUrdWQyL2EzTzZ2TDNvSW5mSDR5cllxCnNLc3o0blljOVgzVm1CeHo0TCthbVZveGJVbUU1dGpMeExIenRpSDk5ZHd2UXBQcGYyWkJsekZwR2gxSk54K0IKWk0yUXhFRHV1aHZxVnJubVhQL3JCeDR2ajNKMURtOWJyNjFBV3hWVGErV1lORXNPZkFzZ20xeVUrZnpCbUZkYgo4TlNXbDRyc3FDZTAzVUhGaGF5d05aSitNNkw2b2hZTE1WMDFTSS8zS3pab3o4N3pXMTcwZDQ2cW1UcFQ0ZnlXClRlS2JMQnBrUGZ2c2k4RFFkREptam9XdVFXeUswVmk5SDFJQzF4aEcxNFBLeW8vU3o1Tk1kVGxjcXNBKzJpcSsKU0UxdHo0V0Z2L01MV1lrL3hDaHlxUnhkb2RiUVR5WkR3YTJoZFFJREFRQUJBb0lCQUMrWC9iZjZaSVRjY2t2cAppcjhqSzRaQTZKTkVGbU5xNFUwbjU1Unh1V1N1cnV0OG55eXJMTEVTbGM3dWtLTFlLTTc1djg4dzIxRHhjWWEwCmoxUHNwdHVjMUYycVY1aXdkOThmcHJVSlBSTEwxSWlFZ2VrNUhCenRPTmllMnVuNnFuMjEzZE1pN3pUMXdUd3YKU056d3doYUZ2TG01emEzRjBTTlBpT0VYRmxuNDV0Zm1wOHZvYUdnczZDUDRYU28xcFZTU1o0TW85NDdvUVo2Mgp5MkJqRlhPN25DQlNwc1QxVDNsK0R1cFExUzF6YkNVNVhkYWVoYy9iMlBtWFBxRW5vZHk4UGtkUEZSVmN3WGpvCldIN1NiblAyRUZ3S0hlUE1DQW5XQ3FZZHpmT0VPVXdaV1NXcXJCZE5NTU1UR2lxSmVNeUlqS3RuTDRMTHY0UFkKTklJTGZ2c0NnWUVBd1hRdFEzOUlraWx6RGZ6c216cjNsWXhLSURnam9EQ1Q0dStQOTBHdTBjSzVzNnlvUC9oawpSY1lJT2l1dmNwQmpmM2V0N1hPNXJ5eVlBRHlaWXNqRU13dnlUZzY4VzRFQVExRzVjcFM3b1BVZVBTL2ZYbUxuCkprSHpQMm41aTRSc3IzSFRyaC8rZ0N0US9JTlYrUTlDQ2tHdXpRME9GYVZnVUV6NGR0T0xGek1DZ1lFQTNYRy8KMW1wSFdUWG9yS3ZDY3hXU0xwSDllK0hTRXVJK1V3bGs2a3hlRkczOGpvYU8vdjNibStxN0xuU3FqRXdaOWlpSwpZQmFVTGoxNEpheGFYcjJOSUcxWjZMbEpjQ01MVEFkUndYTk5UaXp1YUVGTys4YzNWMUF5azBSUEdHN2NqK2VKCnZ2NmJUdE5VbkpJc1QwdSs3dFZBOUxaNXhFMWVNV1lzMVpLUHhMY0NnWUF3dmxZZFdMZnZaQlJDWlFVMUE4R1kKWTlYVmttK2ZrRDNqQTF1eUFGSE5OcFJWNmw0bWFDN1R5ZGNPMlMwRzM4ekNOR1NWblFBZlhFd2NXeWlHMUhGagpMMUpwU3BzNUx5TGkwM2Uzb0RRNmxTaCtZRTZXMkxMSFYveXpjTDlZNFJBRmtOZTJXd2RrUWdYUTZrTENVNDdmClNMZURvUk40YnNmNjA3b1RMckF3TXdLQmdRRE5lYjNpNit6V1o0SkZybjZZb054cW9BWlFUQUxNaU9nQnpzYTMKN1RLaXpFZTd6RG1sZTlLcHcwMzZWa0RtTzdzZlFSRGRCalpyRFppTmhIYTZVREpDYzVVb3I3em44MnlKR0lXUQo5amMySWRUNkloZHk0ckNFTVNNc3FRYW5pajdZdktTQTkra09aR092Z0tiaTBVc1NmQWh3eVYwRmZEQzVyN0JNCllGbE0wd0tCZ1FDbTVuSVRSWmtPMlpwWFRTemt6a2JGZkpBakJyVE5lOVN5VTBqOFJjY2FMQTl0UkJkM1Y1L2cKb1JRVU9YNENYOUxTRWV1WHBqQzJUSUlzbVFUcTNwcjlpR3ZsSDdRNUVEOTgrMXpaVVFVK0NCRFFzcnkzU3EwegpkYlFoUUJ1MVZkd0IyRnZ6bTdUZFJ6N1BIMEJEcnpxNzEydGxJeXN5MWE0cFVsY2FYNXBNYXc9PQotLS0tLUVORCBSU0EgUFJJVkFURSBLRVktLS0tLQ==
2,LS0tLS1CRUdJTiBQVUJMSUMgS0VZLS0tLS0KTUlJQklqQU5CZ2txaGtpRzl3MEJBUUVGQUFPQ0FROEFNSUlCQ2dLQ0FRRUF3aEpBK3pobnYybEpjZUpJTkRlawpiSWR0eERJZGp3dFRhYU1sTCtqVzc3cEsyZXdmc1B5ZlZtTENpV29ZOEtpTzZHSTVLQlBOY3NjTFdvMks2YllLCjJaY0UrcDhDclU1OXBSZlNCRkx0RDBWTDlmQUUyeUlVWTJwZTEyZnJweGZOVm1tRkJsMnJ6akxiNDB2Wngwc1YKTERPOVdlNHFpQTBQNFU5aDFNNUtrNCtrTnpkRzFiSTlrZlIvUXZlL1NERTYwdkVMNmNnS0NOV0hISXJzeWg3cApZeFl3UUlOTmFQYzRYNjNkakdxQjJjUVl0aEZNQ3JyaFd5VnpJYlgzcGppZzRXazhWdy9VYks1b1FSL1h4NkVSCm11dS9MQUN0ZHZzMHNLMDlHUWd1TnNjdm4yY0ZjSm5FTmhFdlB4ZW5HNzdnUUd4YU9qdllDVEtoaUdpN0hQTnEKWVFJREFRQUIKLS0tLS1FTkQgUFVCTElDIEtFWS0tLS0t,LS0tLS1CRUdJTiBSU0EgUFJJVkFURSBLRVktLS0tLQpNSUlFb1FJQkFBS0NBUUVBd2hKQSt6aG52MmxKY2VKSU5EZWtiSWR0eERJZGp3dFRhYU1sTCtqVzc3cEsyZXdmCnNQeWZWbUxDaVdvWThLaU82R0k1S0JQTmNzY0xXbzJLNmJZSzJaY0UrcDhDclU1OXBSZlNCRkx0RDBWTDlmQUUKMnlJVVkycGUxMmZycHhmTlZtbUZCbDJyempMYjQwdlp4MHNWTERPOVdlNHFpQTBQNFU5aDFNNUtrNCtrTnpkRwoxYkk5a2ZSL1F2ZS9TREU2MHZFTDZjZ0tDTldISElyc3loN3BZeFl3UUlOTmFQYzRYNjNkakdxQjJjUVl0aEZNCkNycmhXeVZ6SWJYM3BqaWc0V2s4VncvVWJLNW9RUi9YeDZFUm11dS9MQUN0ZHZzMHNLMDlHUWd1TnNjdm4yY0YKY0puRU5oRXZQeGVuRzc3Z1FHeGFPanZZQ1RLaGlHaTdIUE5xWVFJREFRQUJBb0gvRlJDalMxall4NktRQ09aSQp4L05rbGprYytvMVhkRzljUCtMRXhDeVpzWFUvZHhYY3lZK2w5VG1FQU11ZytwVXlvV2dlNFI4UHBUTVdMNUVqCitGNklNR1JnN1oycTArSUlGMFhLR0NvOEw1VTRYL2lkUmJrNHVJb2dsVklwd1FtTXQ2SFJmV1F0ZWpGZE1JemEKYTZRUHVJSkV1RERVYnVwVDdJekhQS3pQdWN0V0xORUl4N3hSSXJiTzRiak01dzBRQ0l0SFR1Mnhza2tTSFJzbgpCTURDcWpQZXlBeno2NWRsL28xSHdnUVo2RThSdm96NzhHYW5TemhLU2VMT3lZcFd4bmNIdkdPaENOdEhXdGlBCmxSSFEzYU91M2tyQnh4OUN1eTVyVnBZMVM1RWJBb2Fyb0xnRi9VbkxKK2VMb1BlUERZRFdqRjR1ZlNXdTNma3kKTk5OeEFvR0JBTTlGMkE1Z0ZkWTN4MUhQUEEwd2t3anVtelFJYVg0bmRXL1BwRnJ2dWtYL3lTNHVyQjc3bkQwRApGUE5udm1ZdkJFWTNwWGV0WmZMUVh0dFFzS1ZwM3lUbVhQZXVkOUZwYTlIMFZtZUpvSGJaOUtoN1FYRittbUdiClFFWlFWYWZ5b0xwNE1nQTEwSHBsNEpibHlNQWwveFBaSGtKRnN4OFFKamtCaWZnSjZPZlpBb0dCQU8reDZXakwKZUthdzVadmhMNHpaMW1sYW1vcDhBdWxEbzU2YlErUHVDTUl3bDdwbmpFaHhmRmpkcUNnb1ZoYzNMZ3BQM3JVQgpJSlZjNFpoU2srS3JpOW54N0RNaDdhWlpYaWhwSXA3TU5UNlJVYnhRR3FmSXJadzY2aDNsV0l2MTJmVU1XYkJoCmhHb3E5YVUwWXF1WVh5aFF1M3piQlJ2cnowQVNaOG16N01uSkFvR0FUanR1Y1A2VFAyZU9NN0trVjlZZHFTRm0KTXgxNXM4UHc3MkxRQmdLMXEvWC9XUThFcUMwUHEzZWVVTUMzZkpvQ1l2NWQxZTM4ck1rNUJFNVFYaDYzdXBXNApRVVA0dFhHMDRHbjRzdHVmVlR5dXUyaktLcXcrV05qZ1NhbklxcnRKTHhodXh1V0k2cW5KT3lzL3VrYWRJRUN5Cnl4RERxdFhObDNhZFBLR0E1d0VDZ1lBc0pnSE95b05iZUlPaUZYVHpwWC9uZ2Nlck1ESTlFcmRGVkdYSnlxTVUKV1d6bzZYK2VMRUR5QVVtaXMrTS9mV3RlZk4yUlN6YmNLL0psWXZoWUxLNmlvdnVWWTI5cFQxYVhiTjN5ajd4UwozT05JSXh6MXdIR3hyK3hGTzJQMnkzNnNzdXltSHlBTGlnUWF2SzViMnNIVUpDS1VXYWIwUUplNHZtc2RiS1YxCmVRS0JnUUM4UUhWR2JvV1FUTXFJblhPZ2x3bDNINFVzeGxVcWpnK0xoakprQkYydnJOc2dNbHZxMXFmanMweGkKZSttREhJNzdrdkVOci9kQVpwaTJTRVRpaVRmWllYZFJSSTR3c0RZMFd1eDZBRTFsTXVWbHo1eWtrQzRtdEpBUwpCQWFoRHphbVQ2TE1DTTdTREhIYzVGWDVGYnF6ejFTK3JxUkJ1QytoeDJsRWlGNmZlUT09Ci0tLS0tRU5EIFJTQSBQUklWQVRFIEtFWS0tLS0t
3,LS0tLS1CRUdJTiBQVUJMSUMgS0VZLS0tLS0KTUlJQklqQU5CZ2txaGtpRzl3MEJBUUVGQUFPQ0FROEFNSUlCQ2dLQ0FRRUFwZG9lWkJ6SXMvR1ZTcStOdFZ5Twpkcy9pdUROMFA5a0NkU05HT0JSSFhsK0J4UnlSWW5zc0VEMWVleXRzbE4wSnRMbFRiYXJ6M29LYTRIQytWYlkrCkRoUnJPbCsxVjh0Kzhid2Y3bU4vT2ZqdTBXdHdhM1FPTnl1eEdlTjFGYWhzdDF3SGxtUlFmL1VDV2lwci9HWnkKaTdPNXJRc3EvVHJmQnFSMWs1ZU0xc3NEbWlhVUdIT25mMTlMVmxmMXFLWUM4d05wOHdObS9HSmdYbFR3Z0ZTMApBb1ZERlJlM1ZyZXp4eXk5THN0TUNHSFJXbk85dC8yaTdkUTdKVS9pYVJOYUFWdFlsUzcrVTllTyt4VVVLc0lhCmJkREFEWm51cFJ1djhqYUZHYlZjdHRrWEUwOElJeC8rYTRiZlhlOFcyc0N4M3p6cGIvS3ZMMFhKTEpqNUZFejYKR1FJREFRQUIKLS0tLS1FTkQgUFVCTElDIEtFWS0tLS0t,LS0tLS1CRUdJTiBSU0EgUFJJVkFURSBLRVktLS0tLQpNSUlFb2dJQkFBS0NBUUVBcGRvZVpCeklzL0dWU3ErTnRWeU9kcy9pdUROMFA5a0NkU05HT0JSSFhsK0J4UnlSClluc3NFRDFlZXl0c2xOMEp0TGxUYmFyejNvS2E0SEMrVmJZK0RoUnJPbCsxVjh0Kzhid2Y3bU4vT2ZqdTBXdHcKYTNRT055dXhHZU4xRmFoc3Qxd0hsbVJRZi9VQ1dpcHIvR1p5aTdPNXJRc3EvVHJmQnFSMWs1ZU0xc3NEbWlhVQpHSE9uZjE5TFZsZjFxS1lDOHdOcDh3Tm0vR0pnWGxUd2dGUzBBb1ZERlJlM1ZyZXp4eXk5THN0TUNHSFJXbk85CnQvMmk3ZFE3SlUvaWFSTmFBVnRZbFM3K1U5ZU8reFVVS3NJYWJkREFEWm51cFJ1djhqYUZHYlZjdHRrWEUwOEkKSXgvK2E0YmZYZThXMnNDeDN6enBiL0t2TDBYSkxKajVGRXo2R1FJREFRQUJBb0lCQUFuU2Qxckw5cG5yaklFaQpFUFVrOEYzNmRVMmQ1SHhVaElmOTZRNXdxd0pjaXlHcWpiU2tvVWtyN1VERG8xaFVsOXJQWC9DK2YxZFY2a2l3Ci9LQzBYSXYyYXh4SHAwUjJEWVJROVI0bjM5VEYySlRuOVQ0ejN4U20zb1B2TzlPbXlCdDYxSXMwVVMwbXpEY2QKVEl4ajM5UkV0bElZZDNrTVI4R0xzMWZra1lkMTRZSDBpODF3c2VOVFFtbE5ITTk4YzB6UThOMTViNXl6RUY5MwprcWgvL01qVWRFME1GT1g5akhFRmQ5YVhPcGJDekRUYUFCTmd4SU53RmhMbUhTcnRTZ0N4cWx6WnRDd0N0L3lZCnlRRVVsSVVNTjcrNzArb0FMNTlNcEhMd001Q3hBVnYyaGtXR3hydkpJWnNDL2Rnb3BLVVUwa3lGL05xMGo2NVgKWlJ1NkxrRUNnWUVBd1d0ZVdDSG5ocTRrcForY3VpbUMyeHA2ZmNGT3Mxa0tWMS84eTdJOXIyOHJ3aG53dG1PZApYbFFoZWRCZjhpdGpDTVFwM0hsRDBoTVRrRGF3TVhOUFJ3SHJ5RVdnOEZXYU1VcEpveldpMXdNeDJFZzByMTNnCmJSSk1pK3Z3Y2hXOVRqR29xdDI3NVlZRFI5aExDTUNIVkNCTHQyRjB2SWdHVFU5SEVQZm9hR0VDZ1lFQTI0TmkKN0FvSnhmVnA5T2kxcHMzVEhQSDJXZ2xhUkhUcUM1QllvVlJGcWh3TWNJcDRlMm1pRklKTmdzaWZ2aSt1WmpOZQo2S2duWE90bWhNYTlYalo5ZkxhYlgyYlpxRjdYdFV1UVlyUHpMaUwxUWdtNUdtdEJLQWZadzZZQVB1R2sxNlJFCldnQzFmU3BST1RtM2RNNUtaWGJ6ZXA3cjRBcFcwdlBCMTBpVkRMa0NnWUFlTVJwYSszL2VnQlJzWGd2aTYxUG4KeTZ4UE1QdU45MW9yNVduYWlnb2k5bUdJUFBCY0tCU0tndXR1emw0THVVWU9Pa0NtajY5TWZYblNTeGNad1B3aApBMlhBcjAyOTlqN0pidVVydXRXZVpudERYWklMeGNXZ2dQaTk1cWh6eG56MFZjQVVXK1JXb2FLbGRsZlFGKzJICjdqcWpkMnozZU93eTZTc1l0UG5zUVFLQmdHYVlBNVhhSXpNNFBpdE8wQWVEenhXS0tOOXYyNVovSmh2OWZNNzUKK2cxRlNyTVdwTFRaYS8wMTRWQXN3Q3c5VUw5SFp5Wko0UXZXb1hXUkJWU1JGeGxBcDJGeFNtMGMxcWhQQnM1NgoyRDlKNjJMUDlJbGFjM3RvSCtrSEhycEU3Nnd4aEJpa21DNUZwdXllQXhZK2pCcmIrM1BsN3N3cFNPY1RNaGVTClBzZFJBb0dBYVllOFh4TzlNbXZWWjlIdnFrTDB0SjU3RjJBaVFWck93ZWV1Z3VLenRSblJIVDVvbUNlK2N5VkEKWHAxak52a3pSMUE5WjJDeCtMU0g0bmZON2xHc3JLblNGRk9QWHNad1ljbGxsRlV4MDhaNVVqR2xPSlpnTkRlSwpPbHZPQ2J3UFBhaUtiNTB2bFh5blA2NWZkU0t6eUdYMVZkTlNYMGpnT3puU052ODhTdkU9Ci0tLS0tRU5EIFJTQSBQUklWQVRFIEtFWS0tLS0t
4,LS0tLS1CRUdJTiBQVUJMSUMgS0VZLS0tLS0KTUlJQklqQU5CZ2txaGtpRzl3MEJBUUVGQUFPQ0FROEFNSUlCQ2dLQ0FRRUFzMHdwcElpSlluTGJJV2UyRTJ0YQpqb25qZXluanRsYkU0UGQrY3NrakJyRjl0UWlncmFZem40V2s0MDZSaUFDWi9nZ09TU3dodUxGSnh6ZzkzS1dxCnJRRW9mR2VQWjBpNWxlTmFQSHphbEFRWkM2cnlFSDA5WjEyZWRuakpGWklxMnRwQnNoNmduaVJQTVZvNnZYZ2YKVU5Ta29xZHdNZitZM1c1WjFMYjMxT3ZhTGhUZ096YWhjdnlybW1ET0lTUEs5R0tXUnQ2K0VqMWZlQTZSSDJYZQpSbnZDeTNXWE1NengwdjRuVGowdUJ6ZUxoVlJ0WEIwLzFvbU9SU0Z0cVJkZmk4dU1QcXl0MkwwUjhmWmxsMW1UCkl1aXlVMCtNTmpsWE9TUDVaa2ROYVR2bG9uV3k2MHIyTlRKYkFrMlpkZlFuTzB5a2NVOTIyYTVuKzUrcUpYZnQKRXdJREFRQUIKLS0tLS1FTkQgUFVCTElDIEtFWS0tLS0t,LS0tLS1CRUdJTiBSU0EgUFJJVkFURSBLRVktLS0tLQpNSUlFb3dJQkFBS0NBUUVBczB3cHBJaUpZbkxiSVdlMkUydGFqb25qZXluanRsYkU0UGQrY3NrakJyRjl0UWlnCnJhWXpuNFdrNDA2UmlBQ1ovZ2dPU1N3aHVMRkp4emc5M0tXcXJRRW9mR2VQWjBpNWxlTmFQSHphbEFRWkM2cnkKRUgwOVoxMmVkbmpKRlpJcTJ0cEJzaDZnbmlSUE1WbzZ2WGdmVU5Ta29xZHdNZitZM1c1WjFMYjMxT3ZhTGhUZwpPemFoY3Z5cm1tRE9JU1BLOUdLV1J0NitFajFmZUE2UkgyWGVSbnZDeTNXWE1NengwdjRuVGowdUJ6ZUxoVlJ0ClhCMC8xb21PUlNGdHFSZGZpOHVNUHF5dDJMMFI4ZlpsbDFtVEl1aXlVMCtNTmpsWE9TUDVaa2ROYVR2bG9uV3kKNjByMk5USmJBazJaZGZRbk8weWtjVTkyMmE1bis1K3FKWGZ0RXdJREFRQUJBb0lCQUFtNktwSXlGQjRDdEMrNgpSQzhHaG5td01tYTJyWk54WHFvRDAxamYzNllYMEFXWHk3dlFCZ0gwQ3ErSVRpM3VObXlKUEZrczYwRnRZTjdOCmh0R25MVHpJa00wN0F4VXI1V0dqM1h2bG5DZ21sc05DeVhJcWtUKy8zUDU1YkJOZkJETXVYeDBPTzFHSkQ4RFMKTDlpaW9UUk43UWFrQmRxNGpxOElzeGZ1dTBCU1dnVGtFclcrQVJJdkErbjBwSG9Od2YwRW5HdWl5eHYyQXdqSQpPcExwR2JwU3Job1QxQk5HNnNQUFZHMHJmNDN2MXZrdms4c2hPOUdMQnA3eWRSQXU2cC96Umt5d3JGWlhOc0pWCkl3bm0yTWdTVDROZnJNSjBzOTNGdVplN09rUkgybkdQVWVJSjZVem1Qc3FrNVJVSXFsQzlDTk5kWDBRQ2lzWkIKSGtRSXdxMENnWUVBeEhOODBLTGQ1eVcvQmJqMUVHY0FKZTFTS3RDelVYYjNVQ045QkF3OFVZQWZ6UDlDWkkyMwo3SWRwaFlzQ2hxSFVtZDdDb2M1WWFKZXpaK0NWaWNCcGhwcHJxU0xrZnR4U3JYd1IvUkNUUFVpaTBycXJrd0dxCllaMTAvTEZmTTRLZGYvOUZyajRnc0JtcVVtU1BGV1NPR2FTb083QU1JK0dGNXVZd3VxMzJQZDhDZ1lFQTZhV1EKSWk5SUVxdHBmVmlVSTN5UHR4MnppdkcrZ1VDbXl6STBmLzhpS09vdnVJckt2OG1qcHVLckN4QjBxNjlObzFqOApFZjN4MkdDbStqaldEUG0xZFJZL0VwaUduK0g4ekszRngvWVBqQnlCNFZqVmdDbDVGWGh1c3lraElFN3drZlhjCnBTUWdOSTJLdUU2UXgyVG04aW0zSC9nVDNiQWlpeTIwbUZXZ3owMENnWUF6b3M5cDM0VklIbW5KVFVaTTIyWDAKa2g2STFuWnJzVU5zTXdmSEtwZ29LKzh2Nk9CQW9lZDRLbGVZSEdPN2s0bllMKzhrcktJY1M5T0NPRXZWKzFkQgpaQkZzVVptUnBzT3NpZklJZkhUWEpPSjNWVTJIeEdaT1poNjcxTHRiUkxlMVR4bTNwT2plb01CZUM4UjRNUWdRCndYRGV6M1ZCY1NQSy96Skx2ekg4TFFLQmdRREFJbk1kZVc0MlZCbENoNFlDakpzT1JYRncwQTBOOHlGMk5VbncKKzlpV2RzWlpabUVHU0FXNDVlc3NCUk04WDhOamtYaHdQemtTNjZCRVlscTdmdGtXZVAzVEIvU2xJOHlrY0Q0VgppcVlNWFNEOU0vVVdHSVRIQUN0Z1QzRTdSVThWYUc1U3F4dUV1K1NZWFpzM0xTV3hmRlpvQnJRbmVJRmZuRzFIClhCc0tmUUtCZ0d3VTB2L3h4NE4vNnpudXhZTi9qSmFxNkRKdW9STFpuUGRSejRkdG5BUnFYR1RpZnQwS1FuS2kKampmd0swNStpUURYeVJacEhwY0p5YS9YQ1hyUTFZTzFJY2ljYlMyS2x5OWFHYUttdTVXbWMxaTJ1L3JyZDBUWApSampqd3BFbWZMNjZsSVlOcGg5TlJ4UWwxQ3FtaXNnaTJiYTFKVHlkM080RWp2ZHZPam01Ci0tLS0tRU5EIFJTQSBQUklWQVRFIEtFWS0tLS0t
5,LS0tLS1CRUdJTiBQVUJMSUMgS0VZLS0tLS0KTUlJQklqQU5CZ2txaGtpRzl3MEJBUUVGQUFPQ0FROEFNSUlCQ2dLQ0FRRUF2N0JrTmhXc2EvQ3NUSXVXck9FaQoraDEwTHZwVTc2SFdZc3h0dHdUM3l1MUdtd0locDdvcjk3Y2lQYjhCWjFuVmo3eFJIRWF6SUdXK1lPb00rcFozCk51b2Z6Rjl0bjJwaWdiRFk4V0RIMFBHeWZWM0pOMHRvWU5tQ1lnUmtaR256L3FoVlBHdFBMWTBNRXhkMzZYb1EKWHcwL28zTndOcFhnUnZRcCtNNnlBeXhma3BnODZOTlNGN0VneWx6KzRyY1VraXE4ajV3OHBYMHg0NHVXajhWNQp1aHNaRGpGVGMxd1BHL01PaXF2M1lteDh0UEE5aURsdTY3bGdSWmtMbHBYZ3gzV1lzUnNYTTRvOU04N2M4U21pCjJJREJGaVo5dGk3WElJSmRua0dWYkM1KzlPM1NFVXpYNnBJTzJwM1oxa3JjdVh3M3VjeUMrV05ZRFBFUzQrL3gKa3dJREFRQUIKLS0tLS1FTkQgUFVCTElDIEtFWS0tLS0t,LS0tLS1CRUdJTiBSU0EgUFJJVkFURSBLRVktLS0tLQpNSUlFcEFJQkFBS0NBUUVBdjdCa05oV3NhL0NzVEl1V3JPRWkraDEwTHZwVTc2SFdZc3h0dHdUM3l1MUdtd0loCnA3b3I5N2NpUGI4QloxblZqN3hSSEVheklHVytZT29NK3BaM051b2Z6Rjl0bjJwaWdiRFk4V0RIMFBHeWZWM0oKTjB0b1lObUNZZ1JrWkduei9xaFZQR3RQTFkwTUV4ZDM2WG9RWHcwL28zTndOcFhnUnZRcCtNNnlBeXhma3BnOAo2Tk5TRjdFZ3lseis0cmNVa2lxOGo1dzhwWDB4NDR1V2o4VjV1aHNaRGpGVGMxd1BHL01PaXF2M1lteDh0UEE5CmlEbHU2N2xnUlprTGxwWGd4M1dZc1JzWE00bzlNODdjOFNtaTJJREJGaVo5dGk3WElJSmRua0dWYkM1KzlPM1MKRVV6WDZwSU8ycDNaMWtyY3VYdzN1Y3lDK1dOWURQRVM0Ky94a3dJREFRQUJBb0lCQUIvbUlLY0hjRXYrSHc0Vgo1SnNjVkErL093aGVUQ2djakdxZ2psbDRrQ3ZLMUljVEVicXh0b05nakdndUV2TzU5Vm9ZQW45c0hINzFyM3E5Ck9DK3pQbDk3RXBPV0JjNFRqQlQ4OHYwb0Y5aGpnRXB3Z3YyYXBPSUpFRE56ZTZsaUlHSnViTkRESXNmM3d0eWkKZVNmM1VpWWZORW5rK2ZWN2Qza1hSS3pNNkw2eUoyeGxoZWJtTHlZUWpVZWFONTc2TnNvTnZJNFl0YkhQWE9zRQpMQVNoTlR6K3hSNS9hcTVXNUJ6ZGdvazV4VEc2T2pKb1FPcE9ZZVEyVGFGUmtDdDYvc2xlalFhczh3OFlQTXhoCkQwQ1lqREZqOXFIK2x1cjhUN3VRZEJXOGhYb0dZLzRJbzg3bmNUWjhvb3Y2QmxiTU1aTHNrZ1ZuOTF2YXJGakkKV0JkdFNuRUNnWUVBeEpxcGxjSHB6dU5lUEVpc2VZOXcrMTF0dEV4Vnpvbk1VbkJaUUVNZ1dMNU02RDUxZVVNMQp4VGI3c21nM1NML1IyekJiZE02NkZTMWp4TkZHV1N0a0R5TlFJSnp6bVA2RXc1ZVd3Sm53SGZheUNVaEtHQTBzCnpoZnlNditmR01GOGhpWUR2MmUxQzAxa3dMZTg5VSs3Yk02bjlJTWQzN3VOOXdkMGlWRk1PeVVDZ1lFQStabVkKSDQ5cDBRazcyM0U1RzFhMGJiUWpwTEZoMmhLL0NKMEFJSHJQem5KWWNpR2tvZ3V1bkc2cmFnOTdic0NwMStvRgp0T1psR2szOGpaMHZmNzBpMWkrNytINzFYRGQ2cUFhbWliQUJaam8wVDFsUGlTbHMwbS83Y3FHZ0JHeHljK1J5CnNQb3J4YmJvUlBlZ2tZRXlKVDcwUWdwZFp1dFk5emRyNWRRTStGY0NnWUFrbkZod0ZzZ2ZTcC9Gd2hLOElFWDkKeVF3Z3d3WkhpOG1Nb0hjK1RFRzl4TkkxZlV3SzVNVWlrSGFXWm1uRkZsTlI2ZE5lRVJEOTJKSDNtTERzOGZPVQpEaE5odjFodGFSZjRCRWFDWHlnanJFakRDYjhpYzNHZ2Z6ME8yaU1hVFEyUFBZejlHNmJQRC81dkZNZ1BObVhFCmdVY3RkUzBlK0tJYkdqeE5SZUpZTVFLQmdRRFJKRlFGVGVQNmxlUWo4ZkZKNlJMeVFWa0ViT1Z6RnZZZlAzNlYKdUpKYmlCQjRRWnh6YzVweDFZR29NeVRZSG5PeVNaTlNpeUw0TVpTSERNaDZIbjhNUFo4aGp6QUVmekExanEwSQovZ09PSndNaDRkSDFPbExHMmJJMTBSd0YyT0RtSHV2RFF6eGVSTzdHcXo5TjdKV2FBL0FqVGhBSlp2WjYzMk4zCmhvRC9yUUtCZ1FDZDJRcGlKZ090TG0xdmNQMUdPSzdzWlgwaUhYUGVaY0tNK2ttVDNJaGVwaVdxb0tZa0VBcmoKZWdNYVNRUy9XRXJTRVBKdG9VZWFRZkVaeWpFUGo5MW9aOXUrQWFocDBvOXZmRDdiVW00VVR4OWtNcUZCQzQxMwpqNnVleTJKa2tsMFZFczlxMDZSUDcrYUU1WDAwZVd6R2NpQ0YwK2dmc3I0em9TSmFqcE1CRlE9PQotLS0tLUVORCBSU0EgUFJJVkFURSBLRVktLS0tLQ==
6,LS0tLS1CRUdJTiBQVUJMSUMgS0VZLS0tLS0KTUlJQklqQU5CZ2txaGtpRzl3MEJBUUVGQUFPQ0FROEFNSUlCQ2dLQ0FRRUF5MUFwMjhsMWVZNnVOZEVwbFVUeAowNDltbmE5S3Z4cDlya0JFdlQ1S29qUDdGT3RuU0IzVzEyRGJIYjgvZ0dNZDNzZkJyVDVqK0phM1lCZVlQWXU5Cm5Tcm5UQ1JHdXlVRlFNNWdPLzNBVU5TeG5SOEhXY3MyTDJMb1lMOXdYVU9udG5LeHIzV3V6VTNGaUp5elozZEsKOXZldVp3WFg4SGN1QkxrY0lOb1VId24zS01qMS9sQXFxbEdqTDN5QVFLWGtOeW9YQ3UxRjc1M3ZOQkZxWGhJdQp6S2NJY3pNTmdGK1VHVk1XRzlud0MvY2NQcVFJd1AyTzFGYTZkSEdHTmt5WjdvOGxVU2VuZjRwdFo4NnptR3dhCk5LNUJvMkZKa3BYbUZQclM4cmt6MzlPRGlpcU13ZDNieVNIZkRXeUxQaTlEcXVCTUhLNXlCVUdPd29ueWZ1ZTcKeVFJREFRQUIKLS0tLS1FTkQgUFVCTElDIEtFWS0tLS0t,LS0tLS1CRUdJTiBSU0EgUFJJVkFURSBLRVktLS0tLQpNSUlFb3dJQkFBS0NBUUVBeTFBcDI4bDFlWTZ1TmRFcGxVVHgwNDltbmE5S3Z4cDlya0JFdlQ1S29qUDdGT3RuClNCM1cxMkRiSGI4L2dHTWQzc2ZCclQ1aitKYTNZQmVZUFl1OW5Tcm5UQ1JHdXlVRlFNNWdPLzNBVU5TeG5SOEgKV2NzMkwyTG9ZTDl3WFVPbnRuS3hyM1d1elUzRmlKeXpaM2RLOXZldVp3WFg4SGN1QkxrY0lOb1VId24zS01qMQovbEFxcWxHakwzeUFRS1hrTnlvWEN1MUY3NTN2TkJGcVhoSXV6S2NJY3pNTmdGK1VHVk1XRzlud0MvY2NQcVFJCndQMk8xRmE2ZEhHR05reVo3bzhsVVNlbmY0cHRaODZ6bUd3YU5LNUJvMkZKa3BYbUZQclM4cmt6MzlPRGlpcU0Kd2QzYnlTSGZEV3lMUGk5RHF1Qk1ISzV5QlVHT3dvbnlmdWU3eVFJREFRQUJBb0lCQUFxUHlRVGlZOGhqU1ppQgpHNXhsL3Z3REJJMG5lSVlSN2JwNkd6Z0xmdHdMUUQxWGR6K1BVVVJTQXovNTJlWWsvLzI5T2NueXBrWFpLb0NDCjZVVTFONjNzOXlRRTlHbXZaQ1Q0TTVhYU9YM1pkcnFYVEkzMUdRVUFLZHN3eHJrSmxUSk1wZjliNlM5QUhZVloKd3BZYTQ5bU5oMUZSdytSNWhIbjVWY1U5SHZOM3ZNTUE1UlBEc2xwVWxLNG9IWTRPQWJ3QS8rbzFqejkzNHVXdwp1ck9zZVoxUUxjNEZWblJYUS9BTElDemJOSmhBR0U2VVliOGtpcVJCRHdEM0RrMXY5cDVKTUFrL056dEJKZ2xLCnlRZ0Y3RG5BdzA0a0JuYTR6eVJmSWw0eFhteitaOFBzTFdvZ0RpcG1tTFozYzJwTnhQNWROVkZUN1d0L0RsRzMKN3lpZW1ic0NnWUVBMEhpSHU3M1UzTGdFRkdhR0E3Y2F5dFprZTd1TzczTW9heXZ5VW1Cbm9pNmxXcWlDbUhBQgpSNEh5T28vNTVjUllkS1E5KzhlYkc4SktZWjNjV05qOHlHckZhSllWVVc2QkVXbU1JYjN6REszcGNtUHlDM1lNCk5GZU5JSzBGWW1QSzF0eTc4QlRacGtSTDZvNDNmZks3Y2VaOXMzcEhIOHd1YTlxWDBwYzVKbjhDZ1lFQSthcWEKZWpzQ2E1dlZpOTlGL1NVVUtEcG5zZHBLM1p2WHV1RmpBS1oyKzFIUDkyUnA5dFlkRmFOeE84djh6a2NkNFRCbAp6UEd4YTRkZjFNdHpEbXdraWl5S0Q1QUE5OFpXK2RURUd3OXpicUNHRjhlOHpFa3UxUFI4M2grc2VsZ2tJMzkwCmM2d0tpb2VaSnRXK2NQdk90UklDSlQ3ZGVJcFRCeTBiRTh0dFNiY0NnWUFJTGFKTmlDM3dscnQ2UFdkbWYrbHEKS2F6NWVhc3EwNTZ6VFo4TkFrRXVpSnZ1Q1l4T0JKN1lPazNSWkZLT1kveUFYdTBia29JUVBiZ0RTbGtabHpHYgpmeXpOWkkzaml1MC9USisxdHlqd3gyWFFHZ0dsMTNTMUhQWXBZUUJFRXR3alA3ZVR2STJwU3lhYlJnY0JSdU41Cm5Xd3kvVW9MQWt5VDZKaHFKNHFUYXdLQmdDbTBBSmU0TWFCTjZHNnp2ZG9hRG5MbHhwcGpyeXV6TTJiSTdTT1gKcXJveUlUM2VyUUNKSlZTTzk0UVlmOExwQ0Ntc1R1VGIzbG5xdyt3a2k3UjJCZWg2cGhrUlljZ0JmbGUrM1g3egpwc0ZzMk5reUNPeEtzU0xyTDh4ZW1BM2JtVFhBdlcvdzVkWGI3bzRaRi9XQmFqYStxbE1VWENRZFh0OE0vci9nCnRBR2pBb0dCQU5CMGNEdHBld1JMbUZORFB2dVZudU9NVGNOb29DSlZITFFZejRpUmRqWld6OWxzamhOR3lNY04KR0p2QmlwTmRiZXR3Z2JGd0ZPWEN2WjNKUnMxZjV2T0tVbkhlWi9KR3FMQmN5bEJGa3pCMjE2S1N4UWdPb2U3UApYb2k3UDFxRytqRDRNQUUycVZJdmYxTVhxNGJnZUtQTVVVaFdBaXJ5NjJaY215TGhuTHdPCi0tLS0tRU5EIFJTQSBQUklWQVRFIEtFWS0tLS0t
7,LS0tLS1CRUdJTiBQVUJMSUMgS0VZLS0tLS0KTUlJQklqQU5CZ2txaGtpRzl3MEJBUUVGQUFPQ0FROEFNSUlCQ2dLQ0FRRUE0Yk9GZ2xUTkE3R2RSc2ZqTVY4bApzTjFwaWhNMm1wSzBaYnVBYjRraE5NaUhPbzlRVU5BYnBpQUN4cmpLWVpYZGFPZGFUdUJTSEZLYldjOUFJWDNlCmhSQ21lZDJkRFNDQ3B4WlhDQjZSYTVNNWxCTkNwQlU5d2tNczFlN0Y2T0J6ZlJOSDJEZ0F1Y3NTQXFjWmZRYm8KanBDV3VnLzJHZHJTNk9TcHBYRk9yTVlycUdTaU9wMzVzOUJRS2xPd2dramRGQUpwVGVjMUk2aGlFL3FKRlJ0SQp0ODF1K3J4NU41anpxTU5PTyt5dWtKeDF5NjBNRlQ4V0ZCZTJDNjN4NGh5TGZkbTFaMCtVdXVyYW1rZk5tYjEyCm5Bd0dhbDZVZnNLZHRLWVYzeHlrMWJQR2haTFZnajV2cmFaMEdkYmpnUnJldFRYUFdXWTg4THRQaVJha2xjeTEKSndJREFRQUIKLS0tLS1FTkQgUFVCTElDIEtFWS0tLS0t,LS0tLS1CRUdJTiBSU0EgUFJJVkFURSBLRVktLS0tLQpNSUlFb3dJQkFBS0NBUUVBNGJPRmdsVE5BN0dkUnNmak1WOGxzTjFwaWhNMm1wSzBaYnVBYjRraE5NaUhPbzlRClVOQWJwaUFDeHJqS1laWGRhT2RhVHVCU0hGS2JXYzlBSVgzZWhSQ21lZDJkRFNDQ3B4WlhDQjZSYTVNNWxCTkMKcEJVOXdrTXMxZTdGNk9CemZSTkgyRGdBdWNzU0FxY1pmUWJvanBDV3VnLzJHZHJTNk9TcHBYRk9yTVlycUdTaQpPcDM1czlCUUtsT3dna2pkRkFKcFRlYzFJNmhpRS9xSkZSdEl0ODF1K3J4NU41anpxTU5PTyt5dWtKeDF5NjBNCkZUOFdGQmUyQzYzeDRoeUxmZG0xWjArVXV1cmFta2ZObWIxMm5Bd0dhbDZVZnNLZHRLWVYzeHlrMWJQR2haTFYKZ2o1dnJhWjBHZGJqZ1JyZXRUWFBXV1k4OEx0UGlSYWtsY3kxSndJREFRQUJBb0lCQUdVTEZjNVBZS2t5cnhLdApFazFjSjJlUytGalVXVEhDVS9qbmhJeHFlKzlCaHlqMFdDU1Z4b3NNOGJFOXNYMFd0dFRzSGtZSnJ6ajIwbzNXCmR3T0hja05vUE45NkU0RjQrSVVOUDFGblBmdEhJaFBrdTRUeDdZQTJ5cS9NQWRaTUJlZ001YkVyQVVnc1haZksKYjJMRjRQOVNRK2h3bE9EbVVsM3BZUG1zVEdpVVNHSjg2L1Y1ZDZRc1l5bGVxemxBWW4rSC9wWnA1MDZVcVJmTgppRFN0NDFJMEh2azNjU3o5YzZXRXUvQVVqR3VPNWlJR1dIUUhmTkswY3VXMzRjYXRYaXp5RUU2c0c1bVNzRXR0CjdCT0RVYnlxaWtjOVdLRHYxRmloVGtZNktJMDJjcklzV3I4S0VkNUM2NDBZWVBWck1KajZrazdiMGdOaFVzclUKeE9qY2MyRUNnWUVBN2dZV3RyVDNmK0pENFlZeHV2R0ErNVFnM3V0aW12OXp1aWVRc1kvd2xhK2t3RjcxMFBrUAovZnlHZWhyTkRlU3U5dVRiWWpmVGZnZ0g2YmZSUTVvbU11YzBpZm5DYWt5dDVNS29FVEp0YU5aaTFzT2VrVTNPCmFKMEl3QTZteXBOOENaamQ4NWdQM1Rjdm5hZEpUeGc4V0EvMk5DYTdmWkZJaEVMM0ZmV0JXTVVDZ1lFQThyOHcKN2tJamxqYTZEY1pzcld6dzBuVTI0K3VTRHhkSzVBM2NXajJaNVBtQld3c2Y0T3VFWWM0NlgzS2REdHFHMWk1dQpsNmtqak8zdVVGL3A0TG5SUFJuZkdEblRCSjQxRG0zYXAwYWRsK0JKdlowZTMvMnVIVnIraTJSRFU0dXhna2tIClJxNEJWUkdYemEvbzd0dVdpc3daeDVSb0ZDZWN3dHlFSlFCQ3ZQc0NnWUFOc2lYK2IxMUthMytTYTRGVEMzQnIKaVhOMndENlZRcHVyRzNtMDdkNWZEcE5CU25XRWg4QkcwZy8rMktueDRiVzdtU0dTZmpuYUo2WWs2YUhON1FIRApyaEFVM0YwMmRxRU81N0I2Qk5mTXo0RXljR0VnWlVTNk9rYjFuaUkweDlXOFM2S0IwTDhnOEhyNTdGVklpdEYyCkU3MEw5U3FXcUJSdkg5ZE4yU21QTFFLQmdBZ1ZBWVlOUWE0UXFHVXBCQmxLRlVLTWtJVktKSlRJQzhCSURkd2IKVFBKb3REdlp4UGZ5SDNnNks0dGQvNGl0RWV3em80NzlIS2ZtakJhMCtzNTJvVmJOYzdZVXhzZlNsS1drVnJGWApFb3dwOVlxUW5xU0toNitHaGc4U0NZUFFsTnBub0F4a1lycjRXUHVLTGRFMkVtOFFtSk1paDh5VC9RNG4xV1o5CiticmRBb0dCQUxoQmJiMlZTSDk0dlBqc0FyZk8xSmZmWmRLWTZlMEpzdGcza1prcnZHTzBHZ25Rc2swT2VGZVQKaW1jQWIwbTBVZ3hQZTd2NFZGUkNRZ0M5S3hwWXZFem9sbUN2dnQ0djFpUVFNVUY0L0ZVOHByZ3IyQkJwSTRBdQpadkpsVUkvOTdrQStYS0xreFNSSUxNR2FMenkzdkRGYllLY3c0ZkpGaVpqSy9rT3hLZk5KCi0tLS0tRU5EIFJTQSBQUklWQVRFIEtFWS0tLS0t
8,LS0tLS1CRUdJTiBQVUJMSUMgS0VZLS0tLS0KTUlJQklqQU5CZ2txaGtpRzl3MEJBUUVGQUFPQ0FROEFNSUlCQ2dLQ0FRRUFvREJSdldKQUpObXRJNk51WXpvWgo0UmpjcG03ajF6SGhtcGorQkFDUlpVQUFTMkhSMU05eEJoWGRHL3MyekxJY29sVE9ZQXA0dGxZUXBzbElJaFdECjdmajk0TWZINitWVUVnaG8waDZiazB6ejllYkxGTVM4dm5Ea25pN1ZxQ3cyQlY4eGliRGZ3WklYYWpOODkxWVkKMU1JTEFCREdaR1JOUmVNOS9jNThQSFV4R1VVcXFWdzcyYXhEb3hTK0taT3U1WUpZOGFkMnEvL2RXVUMyS2RPOQp0RXpKbXJEZUdUbWp5NUJBNWJBSzlYb05qUDBNa0tEa1MxY2RwR1Y4S1pJSlE4azRpdzZPaERFT1BmSnl4d2VMCm8zREdlZThxN2VabTBsek1OMHIwdC9uaEtNczAreG9xZGpLSzBhblJmSUZ0dk8rcG5JR3A2VXlWeW9XZlFlR2IKS1FJREFRQUIKLS0tLS1FTkQgUFVCTElDIEtFWS0tLS0t,LS0tLS1CRUdJTiBSU0EgUFJJVkFURSBLRVktLS0tLQpNSUlFb3dJQkFBS0NBUUVBb0RCUnZXSkFKTm10STZOdVl6b1o0UmpjcG03ajF6SGhtcGorQkFDUlpVQUFTMkhSCjFNOXhCaFhkRy9zMnpMSWNvbFRPWUFwNHRsWVFwc2xJSWhXRDdmajk0TWZINitWVUVnaG8waDZiazB6ejllYkwKRk1TOHZuRGtuaTdWcUN3MkJWOHhpYkRmd1pJWGFqTjg5MVlZMU1JTEFCREdaR1JOUmVNOS9jNThQSFV4R1VVcQpxVnc3MmF4RG94UytLWk91NVlKWThhZDJxLy9kV1VDMktkTzl0RXpKbXJEZUdUbWp5NUJBNWJBSzlYb05qUDBNCmtLRGtTMWNkcEdWOEtaSUpROGs0aXc2T2hERU9QZkp5eHdlTG8zREdlZThxN2VabTBsek1OMHIwdC9uaEtNczAKK3hvcWRqS0swYW5SZklGdHZPK3BuSUdwNlV5VnlvV2ZRZUdiS1FJREFRQUJBb0lCQUFudlJUcUNHK2xOS0x4RAptQWFHWlhGODZiNVd0VUcwNGNHRlNJZTJBMDVzdkRmd25xTmNwQzFVOE13WjllbVhDRWlYQ3QrUTlyQ1VRTjhmCkw1NlJpQWVid0I4UE5OcHY5QmxVTlRBRzN1NHhRUllZbExLNml0d2l3MEwrTTVrRStPcTNYeXFqY2hVZXV0NEcKeUhMTWY2aStTaEZjZVBsajhSanJBWDY2cmlEUHFKWDBwNGFkTkFBcjNRVUJtTkE5VUdsTUN4WFAvbTFmcGRsRQpWdlFpVVQ4dTd5cnRYeStnaDUwclNuU21yK1Z2ZjJHRE1GbGRrV1FudG9DdEp2VWJ5WnpnZVJmcmxpVmhOc2JvCmdmYWc5MjVvS3M1bUpBcVFFaTlHeTdsNk4zc0hvN0NBVEZmTFB1dCtDL01CSGhuWUQ4RVZwdkRxOXlCQnNaUDAKS1JQaHdlTUNnWUVBdHJLU081eFRNNXdaS1NLQllwYVV1cm9JUFBadDRpYjlnVmlWQjRVSlJmVmNqek1sVDFFTgo4UFRoNjhrMmRGc1R5WjFSblA5WDVacWZpMWNBdmlUMHpGR1dHb0ZCMmlqUUlOU3hQSlgvN2VodlBac1BvUkpvCkdPM2ZGTHFzd1o2MGk1R0xDQjFwTWZQZEx1cXJxWFNadlNmK2ZRSDdiNDgreDdOdnZKYWlMU01DZ1lFQTRIWE0KMGxBcGhsL280RkFhRDZnbWo3djNURlM0Z3BQT1NlNTB6eFVUTU5OTmJFUHN6R21GNkpWUEo3d1JnTzNFRjVnMgpJdGxnUUY1ejhxVFdhNjVYZUF2c1kwUE1BZXloSVUxMThBekJVbUN1SVVIVE1vUkkwS0JQelJLK3M4S2cxanBCClNZeXdFMU5SVk9objNuZXhLNnp4N2EyRkgzbVd4bVdVbTZiQk9VTUNnWUFadnBJU3FsV2pHU1VHZ2VFL2xqNkIKRFlQcHEwUVNzVEhaenpTNDZZdEQrMjQrazVOM1dOR2hHYkRZTy9OYmRCWVd1LzlySXlRc3E1dzkwMVc4ZFpLMQpVKzNWOEU3cVFnUUtERTZwWGUzQmhaWmZWUUZmemlzekVCbjJYdFBIT09qeUhlRThsSUJsVkpyZmFKd2w5ZE5RCkwxbVNIZnhqWFFrWXRQVlMydHNoaHdLQmdFMjlQdVVRVW5GeHdrditNaWgrQ216NW90clM5TngwcUp1K2RNSk0KQUV1R3cyZmQxcU90WUcxL1dOemdMQWZGVVljQ2RxMTNML2piUGJrcUVnRlZib0hyVDBISjkxd3JRbHN3WXNwegpBSG14ZGwyYVdMVkVUNXZDQ2lGeWZvM3Z1Smk1c0dieXpRREVlSVM1d1UreGtMRVp3dWlZa21TbVRld0V2b1Z5CktiWFZBb0dCQUl6Z05JZ28vV25lVWZEeCtHZGJ3UkFOR1lnREpndjRrSUMvTjBidVE4b0dRaUdobVYxNU44cWsKZDF4VWFwMEt1K3BDN00wRHVYVWxxMU1YeGEzRW41UWdGK0RSa0JWNUFlRkVzeE92Wm5NMkNjNXQrQlFkT2o2VwpLNGtOQklVRGF1Y3orUVBwWGpkLzdZcG9RY2VMUmpHM0ZMSmRXZnQrWWpXbkdoTmxKQm5OCi0tLS0tRU5EIFJTQSBQUklWQVRFIEtFWS0tLS0t
9,LS0tLS1CRUdJTiBQVUJMSUMgS0VZLS0tLS0KTUlJQklqQU5CZ2txaGtpRzl3MEJBUUVGQUFPQ0FROEFNSUlCQ2dLQ0FRRUF0RVp4TkJadTBzUXNDR2hrQmZVVQpReE04SGRhUVliWHJvU0lOZjZNSTg2YlljQXVsVVBmWWtzWU5sSTJKYTA3cS9YUThZdE5TOFVGcHlCZG5Zb3BOCkY5OHU2ZW1VeVhscXJXalQyais4S0xtS3NYYWFHZ0VFN0w5Z21ONmdSNy9UcldLMGlzWkM1Nk1UWlVNVlA1VlgKUWYvaG9SUUJXMWdyQ2t6TjNHUG1GRVY2M1VoaldxQkVJck9MTkFDalMxdjRvYjNpbVJXaFZ0bTB6RDRFTko5YQpwVERqUHQwS0hqdjBGUXdTMUk5a2RXVitUOGRPT1V0Ny9JdzJRbG1US3lUdmp0bWZsUEczdGUxbjUxcnJ5a1dUCmtNNlZtMDd5THVzWFNtRktqZTNYRTR5RkYwaThmaFpHMUxuWWhmNUdXQjZHYjZIWmFCSkp3U1d2OHhSWWhnMjMKdVFJREFRQUIKLS0tLS1FTkQgUFVCTElDIEtFWS0tLS0t,LS0tLS1CRUdJTiBSU0EgUFJJVkFURSBLRVktLS0tLQpNSUlFcEFJQkFBS0NBUUVBdEVaeE5CWnUwc1FzQ0doa0JmVVVReE04SGRhUVliWHJvU0lOZjZNSTg2YlljQXVsClVQZllrc1lObEkySmEwN3EvWFE4WXROUzhVRnB5QmRuWW9wTkY5OHU2ZW1VeVhscXJXalQyais4S0xtS3NYYWEKR2dFRTdMOWdtTjZnUjcvVHJXSzBpc1pDNTZNVFpVTVZQNVZYUWYvaG9SUUJXMWdyQ2t6TjNHUG1GRVY2M1VoagpXcUJFSXJPTE5BQ2pTMXY0b2IzaW1SV2hWdG0wekQ0RU5KOWFwVERqUHQwS0hqdjBGUXdTMUk5a2RXVitUOGRPCk9VdDcvSXcyUWxtVEt5VHZqdG1mbFBHM3RlMW41MXJyeWtXVGtNNlZtMDd5THVzWFNtRktqZTNYRTR5RkYwaTgKZmhaRzFMblloZjVHV0I2R2I2SFphQkpKd1NXdjh4UlloZzIzdVFJREFRQUJBb0lCQUVBU1V6U2tqbkhaYUI3NgozeVhnNDNrdGNtM1didzFUUjNKRzlJNDdKempWd1ZJZFNYMjhBTnkxaUdrV1h0TmxRbzZmUzhFQ0E1WWNYaGpQCi9KNGdzbUs4SDJQaWNVK2tHQjZXeGNqcFl4b0VTNzlqL0VRbXZaWFpOTjlRTEo0amx2dW1PNjJnNW5HR1c2UGYKVWtOOWMveFFrZVFhaEpydS9La1dBQXFHOU9TWjdtYmUzOGlWa1ZoY0svSmMyT0VSdHB6VVJHc0ZWWTdON2Y3TgpUQ1k1cUtqNVFpUkVyRDYyb0NhUWtYVzhNL0lsMk5vN0ZmY2J2cmFabzNtT2Y3VlEvMlVaSHJiVjZyZnJLTE50Ckt0WDUzUFlmdkJtaG9IaWpncE01cjYxVXFyZnZWT1g2K0UrNTUzYiszUWphU25UZnV0Nlg0VU1SYUJUQjNCaDAKODdCL1Jhc0NnWUVBMDdyTEM4cDhjSXNoYmtvVW1aY2lPZXdmN1pOZ3FFNkVJYU5VY1Z0ckpXbWpseW9obk13TApXdXpmNytXa0xMZkM5aE1oOEY3d0xxZW0xc25pSmRvdmRRbnhFcnNWV0pIbEg2bmh5TmozWEdzRGlzZ3YzdUEzCkhsZ1RmR0VBQnpRUTdDTDEvZVU1cUFBc0FYcEVwTXNjd0N4NlIrZTQ5OVc3Z1VoREk0NkVDUzhDZ1lFQTJmZjkKdm9lTzBOOW4wVWY0ckt5cHVLaWErejdPWHhBV25JM2xtZDJoT2IrU21yclkxK2psTFNUanFJUVZFWFRZbENreApjNUdBc3lQTC9UcDM3Zjg0RmM0Z3htWUxsNmw3ZVZod3NzSmp3MmUxSFFzT1RYTmJhYStsNzJETHJLbk1ZWFFmCnhFRlJuU3FUQ2N4ZHFjMlFaR0dsT2VnSENBRnVBamV3ZzNsTFE1Y0NnWUJONkhiY1VOYTNSc3EzWFhUMUN5S2gKODV2UC9LSGRiSDY4TGZCZGdja01UREhRNXNUVmdGTlJVc1lYN1FVYkcwY1c2dlZiRUdRS2x0QVNTdGozR3JESgp2UzNDdWFwaUc5VVdjSmxQSVY3cjE4akc0V0NUL3libytIbTdFNnBCL0V1WnlFZUI5RDNoN3FaQ3FPM25RWUhECnlObjU2VzhyYXE4REpFYm9KNEc0S3dLQmdRRExRVWJjT2RxQ2lpRnNkYm05ZzVFTXdpVXJic2pRdXRickRDTHoKMVVrMzZaM1RMYk54dXhxaWUwalQ1cjhpdFJ3VkpVaVk1VERuVzlVb0FUSyt1NFRZU0l3bGxoanZSenI5eit2Zgp0Z2VEdXh5WHhheURxck91blAyV2VHUFZVYzFsZnZ6MGJKaW5mNEQzM1J2bWNPdFp2L2hzUkNMeVl5cnJaSFQwClZOSkxad0tCZ1FDUjdGZFVqUVM0NDFJeXppMG5OVlhMa3ZVamxIWjFYZ284NXdCSWtzTlBKanpVbHVNeGhSQVYKMFRzZlJiUlk5M0MrNmhvbnpjRVpxVG9WU1N5Yk1ET1hORy9ITnBmc0hIT0VVTDQ2bDZqRVdwRHNpSldtbWY0RQp3aDJiNXA0c3ZRQU5pUng1c0EydWd0N0x2dlRYMHdCdE9RZ2tBc2dsVFhKd05QcTZqL0pleHc9PQotLS0tLUVORCBSU0EgUFJJVkFURSBLRVktLS0tLQ==
