user-id,public_key,private_key
0,b'-----BEGIN PUBLIC KEY-----\nMIIBIjANBgkqhkiG9w0BAQEFAAOCAQ8AMIIBCgKCAQEAr92YfhdCghPBsMdK2jpy\nyqs5nTxPAx51J2rJ/oOzGw+J169BKTABmXJkD8nS1RhdiqUUrBaL2ibeZx+WSOgn\nzi1dKHNT2+7BNrI4jiLiNr3b145DTKGbF+ysqmksJ0eAlo1RTjh62KKEIwwQ9SlH\nARbHRdEDL4Nnr48ZKeDjYPDc9k/vjK0zys4WFDKWcU2zXJcPVJhvP6Xxu7ayAC8k\n35v0KIaf6KFbAyP+fOHS+rnTRJpmGmjzKbAkIG1Raqluxh7DKEUGl7G9zofa2M56\ni2GFS6lm/adehC/qR3yw0k/csOBQ0ghV/llGRvmrrl4dS1+0Gxr83C5piIdJJFqO\nOwIDAQAB\n-----END PUBLIC KEY-----',b'-----BEGIN RSA PRIVATE KEY-----\nMIIEowIBAAKCAQEAr92YfhdCghPBsMdK2jpyyqs5nTxPAx51J2rJ/oOzGw+J169B\nKTABmXJkD8nS1RhdiqUUrBaL2ibeZx+WSOgnzi1dKHNT2+7BNrI4jiLiNr3b145D\nTKGbF+ysqmksJ0eAlo1RTjh62KKEIwwQ9SlHARbHRdEDL4Nnr48ZKeDjYPDc9k/v\njK0zys4WFDKWcU2zXJcPVJhvP6Xxu7ayAC8k35v0KIaf6KFbAyP+fOHS+rnTRJpm\nGmjzKbAkIG1Raqluxh7DKEUGl7G9zofa2M56i2GFS6lm/adehC/qR3yw0k/csOBQ\n0ghV/llGRvmrrl4dS1+0Gxr83C5piIdJJFqOOwIDAQABAoIBABRLK14dfAC7m+W0\n0ZfmF7n4UTEqNOnkuVsfkQiMFP5h6COZ5xiEICMfVpmVzfzmD2FA1GZZQbEePBrF\nQ9fM5k794BqbWElwPx57KViJgPYVKYmxsmVk3ps/pdsSQNSVhSqaSxAOJ2rZMgtD\nSK+poDZpdPxC9q2kabIR/rLc7xAP+fiD9HOxDkmI2cwgfV/T31w5NZAjrYl1bWFA\nKam9NhPzVHQZCpuDnL01b0/EJHctmLqPA24zWa76g24kO1nNKRm//gtlyZgGbK0C\nHH9r7RjQIMgKTzL0OPOn5cSOwoEgS0ljy/MdAXUQkIZ69bNYjq7A9+arGkY3/aMW\n87vpJmECgYEAvKU6C3KOWtdLGobN2hF5h5XNYdUTGH9YYX+2dRchSK6wddX/Ep3k\nAjtLysXj/3RD2Rv5KGcYUo7wDVIW1Ng/VlIQ7EPB+bg6xBAlBJQ4Q9gd8nULDziY\naWhjtpzvwc4utobs1lP3cDeQ0BDwUxZKn6PQD6ZRPgCow1ZNRhnCYGECgYEA7qhB\nRcIFuwYOtZUivihfQmcfMXSUKOUiZEFuv4uuBDtMZVe1eymo11+YAKBhZFAk+Wz3\noTdB8JnLvKv9gkZVWRhmEA3d7JojBIcQPWCvlaUW8AIY7VDMi2UxN2zbD2pmobb0\nooZLGjWt0VqhVP7W+xRr7JJXDzn1Qvm50r2E5BsCgYA3ASJEljllyWKvsGCzVecO\nnqJNBVjVCsSVYSytRXpB/BWdtjDyl7EU6X829658HMVvt5VVr4HLCLx71dSsaQVG\nwRUIHtWfX5Va964jgKhLN+e7e18nKARgr7xrUaUi6GB8fijucXszcDA8SsQYJebK\nV3RiK8eCgaSzmCVd7ELd4QKBgQCp2KLDc4bCiFgVkLKuJGtPBbbkanQ6+n9UXGDl\n/xF0P4NqKFam9YoM5SJ3Z6yISKVXwd4mJP5PrhSaDMkZWtbI1p1kVYoYJcZAJaNA\nGzw6wsglPUjiM/uuRPEW4eiw+udZtaw6slpmp8cxVE+2/rqe6/S245sD4hqTdMhz\nm58k+wKBgCaLnfDkZ3+rMzzEO/YUrYOz6reUZ77tzSQRgoyD4qevDSUpPLc9x7m1\n205X2ccdU/jGMRwOu3fUY/aekYaZXnF8c6BlOnVsWX/ua4DQL8D2PlaX30zOHEtk\nhb61BJv4z1qmxEQQ/V+zWuTaUi+HEDaGjRHQ4d2PUJUO3mgaADsK\n-----END RSA PRIVATE KEY-----'
1,b'-----BEGIN PUBLIC KEY-----\nMIIBIjANBgkqhkiG9w0BAQEFAAOCAQ8AMIIBCgKCAQEAx/vgDoeNEfeCz9HZtrGk\nAwOL1m3MV89GChG1RbgZE9GXEleDoZq2UIMygspOKjNWHzoF3ayFijZTcx3m7C6l\nGTSWOjh2pmWTuW+FZ6Kg2BAFumSbD6x7kxtHS6rJRv8lrP695n3s6Z/melsqzHoB\nEp8vgvs5wlMDT6IC1OANelyTPrLQ0ZtjxHRDrDKEpXM09Sv2CQmSpWsyIB5/q0Gp\nhlftdCY4WGTnRH72EFGVvsvrG1+axgboDdXmoxbtokCasp9p8hcF1VC/r7H1cCpC\nFcdVA/0NIVWgEpt5JauoED9+oSzzDlyUYMSQY/KnlirAY7mPvu9mf52fBjHMSwXi\nkQIDAQAB\n-----END PUBLIC KEY-----',b'-----BEGIN RSA PRIVATE KEY-----\nMIIEogIBAAKCAQEAx/vgDoeNEfeCz9HZtrGkAwOL1m3MV89GChG1RbgZE9GXEleD\noZq2UIMygspOKjNWHzoF3ayFijZTcx3m7C6lGTSWOjh2pmWTuW+FZ6Kg2BAFumSb\nD6x7kxtHS6rJRv8lrP695n3s6Z/melsqzHoBEp8vgvs5wlMDT6IC1OANelyTPrLQ\n0ZtjxHRDrDKEpXM09Sv2CQmSpWsyIB5/q0GphlftdCY4WGTnRH72EFGVvsvrG1+a\nxgboDdXmoxbtokCasp9p8hcF1VC/r7H1cCpCFcdVA/0NIVWgEpt5JauoED9+oSzz\nDlyUYMSQY/KnlirAY7mPvu9mf52fBjHMSwXikQIDAQABAoIBAADMaFGb3Zv+a/7z\nweBxMcwdSIKmVOmI11O/oa9R6S+4vNdYPXCjaH+by9N/2/NehG/YJcvZHii2HNEv\nLmEvsn248FydJcQg+weuLU8uSWFzdu0Ol8aRPru7S9E+hlKKlEDuPMiIei4DSG1L\n+I4bx+37cA91fKk3oaIWGILMaOFd2XF8L1NpnBrgouaPuT/6Qm1TFdekyOXBVOAq\nKxdSeOGA9BxsIBlhH6jLFXg9MUb541U9ilzIF18a4dDwKah/1sY13P+WVqHcYcmV\nbTTD22wSkXmF+8Gza3fzkqqyHWTWmfrRRzsldCHn/Lrtxhh8KZaEbhkEzrH6RhDP\nmsBvqVECgYEAzmQrcanVUPZCBIco8EzHoZ+ZGH1mCzsBE2T2uImzMYCX53UurmcE\nKSBKAnN6MdGIeL991CKcovnnqs6gtmsIz79N8UF5HtabtbEb4DMCxJxCkyNCriif\n9effunA6xcAHhY9h597nE1SUGDIkSsjc9+YGMj2vaAGR6ByyuJ+QOU0CgYEA+A1w\nuokE1VhlVm50Z08KZ7c7oSc78oFYOAI0knkObuoxPGpaflxznpbsn3w7+xQ8S8By\n9ZwfcJXNX41jsipW1QMAEItvtJQNwpvj52U0Wf88Jo7ASw+w7vCk9t0dT5uOPsY1\nT0ENM2gJXYkJsQMvtZBFg9+XBTmXk0hkb+ugTFUCgYA0hQ79FI+g05mHF3HWfGNM\ngJVvwvFFqFUkv0t9OCUuUp/VGV+wp6xKXtoWd5Y/uSc2OtxlMA2V92v5bi09Xk1W\nuEK4QsX0j/39pT0Ht1Nb/rt+P7nHIbVa2Q94nPiHu87uMMdkPreklqA86/2KPkTk\nnFc1T7ckC0o6u5rLGmeT/QKBgCS2uIyjYxfAsZ8NUiVISZ34PNcpW3IVOt1vViCn\n0j8QYqEyjJpPTL2YUQV5+da7tADyRxGbPfwH8BHId40TPy7f9s58FNiBYVgAgsbo\n78qyQFDkqAl0FRgIfiIbsA7sUy1vYMyOMEn/iANUGR8d/Z298MwH9+5KC+k8ucDm\n+x7RAoGAOftByfJPK4rLnfeKC9nRvkTGB0P+MKEdirQsZvVVWWzJevqZJpC54oOW\n+WRYdo1c0kzZZtuBSmgySgozMMG/wjb9SzC6kimpPOw5kK5Hrzt+E1DHbcrk3exM\nqKt3D+Iv/IdtaVurA6yORg/raDiE6BI2dpATY2tTlnXDwU46Ye8=\n-----END RSA PRIVATE KEY-----'
2,b'-----BEGIN PUBLIC KEY-----\nMIIBIjANBgkqhkiG9w0BAQEFAAOCAQ8AMIIBCgKCAQEAxItKOn+r9LmuoQWwqe/P\n4PuBYWN0rRDVLbtjknSTRhFaXXGJJyIA7athVkBFx9RxNuVGOF5YXu050+RXiFxB\nWTPm9CoL4AJMPvT+Jna0/Kw2zv2G7opVIYmUydn2BFP6emMZPFDFr7A9hsUcpcpj\n+4s93N8f1M4XrMpFj510kRYQJrtNQhcjIX9f1ETn3IOTpFDo/gL/sSAV6e3NiQdA\ncULimm3GsXmNqXCaQWgPyayUEhk4Xu1PzT6LyXd6SzqN8U5DzPBFx+tGuTZh2iY7\n19S+c0zGgbLTHMVvVVOHnLfYD0trFzHhRQxiZUPSrBkM/kWMGPIyuvJW+XKpqMRh\n7wIDAQAB\n-----END PUBLIC KEY-----',b'-----BEGIN RSA PRIVATE KEY-----\nMIIEpAIBAAKCAQEAxItKOn+r9LmuoQWwqe/P4PuBYWN0rRDVLbtjknSTRhFaXXGJ\nJyIA7athVkBFx9RxNuVGOF5YXu050+RXiFxBWTPm9CoL4AJMPvT+Jna0/Kw2zv2G\n7opVIYmUydn2BFP6emMZPFDFr7A9hsUcpcpj+4s93N8f1M4XrMpFj510kRYQJrtN\nQhcjIX9f1ETn3IOTpFDo/gL/sSAV6e3NiQdAcULimm3GsXmNqXCaQWgPyayUEhk4\nXu1PzT6LyXd6SzqN8U5DzPBFx+tGuTZh2iY719S+c0zGgbLTHMVvVVOHnLfYD0tr\nFzHhRQxiZUPSrBkM/kWMGPIyuvJW+XKpqMRh7wIDAQABAoIBAFV2P8uaElpylwV7\nZOsv1NN+aS7AwU4zwI6HKe/X8uYHy6RQJxQ2C/NMjyGjBvSyYpw9K8B8/a4hNwD1\nDD7F5sBz+hv3YHyCY0cI3q449c/czmRJB3AYBJZ1rZXrybbuET9AcguxD5SqbMZ6\nVU+d5sXNMRQmjT/Kca73sTGWhMZE7rXMvju+emwAW4PqvU7v20VLj1GVrNgDCAhI\nnl//kc5lQtQD0YuEhW+XwM8KIeC439m+sRUlTVi/GoqJPs0V5dDf+cJicSMOjmcw\noGVmo7xRtWB8iKHAIauLzI+1g8cIMFVq21boRmvA5dvP3OaGCasaD9pTe8d5Y3Ez\n0dBJVvkCgYEAy3GZW6y/joV1rnhZqSxjhPv026JBASWX/Uy1DZUdwFr61Q+rK/M0\n0AUySodJu2ff4Sl05RVv+MIW+p10kM3kMORp8qUYAOoqOh9I1rlC8FC7rg7V25Ls\nCkR0WpC7/PTVCOXyAmGnGk28MC3m29T6j5khKO5cNF/BIM9Kbm05Uc0CgYEA91Fl\nET7X8V4phDAj+RizE+cQs++0mu5QcY5UkMQzpq4XY0bymQY+MTrgGVEBFJVNvYM5\nMNrrHyqXqM0vO69L+HcawC/v4bZBwBLvHolvtp6FyvnXYWKjNyn/ovrHdrUuhJ7s\nHDMbSADeZd1MTXa6TiHU+Xkf8RaOusNrrbmftqsCgYEAuXeMmZi44VMl37Jz+tgu\nufOAXCJlJIiDMTaW8BT7FHtcpJQuNlj30pSKLot7Wk/uN7S1joqmk59Nl5enxsMM\nvs3dEIoVge/4IxiWLLqkHbVcA+geaphce1fAwzejSY5iEEShBi7ESiSH5VxTVCGr\ncvHk2w3CHTUWObUAY/9K/BkCgYEAy270h5792djupYFD1d5vT2u93YTLNrXZDc9Z\n2ErLgcuqCUuOujjcZ3paY/ixvtChRcXvATTSOqy6W2uL8rha8WJnarcDxtI4e1oX\nvzKl5b23qCKi+8Q7JWEymklWUVrvjL980CVpx2yPg5Lo9L84uJQzr5HmqFU5yn58\n0EXkDkkCgYAECElQzklKR+KVFT6lo/mStseA/V94cGqjWOtc6Vv/0T0jkleN/pyO\nqEWTMZDyhYpM0wi0sCkHoA+leF0mznUubplEyR9qJvQ7yAWtk2kd+gEhD3ccclon\nRuqfgKtmaK0UC6HTbQZO8DcYeHnh1gDRQFDXMXyRue+ifTaa30vaPw==\n-----END RSA PRIVATE KEY-----'
3,b'-----BEGIN PUBLIC KEY-----\nMIIBIjANBgkqhkiG9w0BAQEFAAOCAQ8AMIIBCgKCAQEApem5o/ztOzrKkXymB3vE\nKfs9mZPSurMHLamT+1kj61+sBK6CUjkUY298yF9IggqpSRvbAla9OkU8w+Hr6puX\ndrvyCqnLtFT0sajMCV8yQbmH26apFPlQ5oy9GQbYU7CgB26RIhimPgCwBTFt8UXK\nKQBbZsH0JKYHsFUL1nl3lks4IRjXZSqiMM2kdCG9/Fvxk3iV0vsvtBGRoWXyShi+\nCQ26Z6Fsi40ag/bhaSUioSSXG4psTycd1IthWj+oRC8xrbP0eoO6ZrJ7noUB+poH\na+guoUAysvtbskgKC7C6A0UmPM+GmU696qKku/UIC9hM9LevE23Ax5VgUSwjAAzk\nvQIDAQAB\n-----END PUBLIC KEY-----',b'-----BEGIN RSA PRIVATE KEY-----\nMIIEowIBAAKCAQEApem5o/ztOzrKkXymB3vEKfs9mZPSurMHLamT+1kj61+sBK6C\nUjkUY298yF9IggqpSRvbAla9OkU8w+Hr6puXdrvyCqnLtFT0sajMCV8yQbmH26ap\nFPlQ5oy9GQbYU7CgB26RIhimPgCwBTFt8UXKKQBbZsH0JKYHsFUL1nl3lks4IRjX\nZSqiMM2kdCG9/Fvxk3iV0vsvtBGRoWXyShi+CQ26Z6Fsi40ag/bhaSUioSSXG4ps\nTycd1IthWj+oRC8xrbP0eoO6ZrJ7noUB+poHa+guoUAysvtbskgKC7C6A0UmPM+G\nmU696qKku/UIC9hM9LevE23Ax5VgUSwjAAzkvQIDAQABAoIBAAgi9DW0m7XB5llI\nMaRAT5h3d8fmVflN+lYk8NrsvjQ21urL3BxILFXMC+SPt7CY8UBim1T8B/+pkZdR\npw40XzM1eGNJfHH1kKJ90rPK9V3/yUfeXoBm0a7czBFEIqvIB7EVnQx9BPoZcohu\nqiOg9o8YM2NQs7ZwZgQhx5jXECRQq7nOTCqi516Gmj+ZRq3l+DRHAHbfG1ttYANl\nwjdWwBmwUpDSIiP8kZzsSFDR8Yrbn2wNVZVXXJdUOXGJq+CclxD/VbtLFcIuwY+l\nEBY+2JmT39YeRJHiJFR+YRhbrwGs4Dg37t98A+1u/wZEWKINUC27CID1waKH1Vjh\npVe3vgECgYEAuqqOpicVUNop1+npedbzFQL9S2nSbGiWCKRF0FIxyQHXuG71J/nU\nWJC/SVRA3ZFVWtvXv63A+6mS9CIBtndndhrdmfoIqaHLY/eySMVxKupdD8Dhxebm\nSC0VQyOsQ9jn3t7THUobSJE83sayL4Mb25MCzx5RKQsjty3Q4AMXVcECgYEA44nQ\nSbNnhIUomJdSDRfRMmi4FdnSFXPjIGyn48C00kPfKtI5pwJK3tML2Ku7JAWuPMCs\nVMz5BCnzG6zsG/4gfXpultPj9mIYBNJsJ1dV4HRxXDVtqcxYIDbDxodq8a0pWrcG\nM4LnW77MzkztjAl1DofXvlhWNonT9d2ArhcoZf0CgYBzGdZKF9FqAIxKqd6glW1g\naG59gOwSks7o1zqBQR2Xv34gKLMcik1oqyB4e+5fcU07cFHxzJcx1xdZWFrMA4aV\nae15E5ch2jVLGCIkAzNL7iWiICJXYJBgswPoWWfQkkAvyiBNcDOwpHXvPIAFEggs\nddMGmcAb2dWVDzg72UwbQQKBgEn4Dj83VEqvYyAf6Suad4Z0potr8TDKKKbsy7Nt\nfRrxt4XbK6TQSPihETPRuBegxSC43gz/SWCCJqbzkxoShgtklrjvjycUgoxmv4QW\njzNVh1ibgdf2NxvZ0dEjSq/gRBZac2ihgIbBwyC5v2uL04LyxD77xqMaMU63QFLX\n8mkdAoGBAKZjHOFEedjaGoEbagKl7vBB+at+9PgH2m5kLEatwEKvRRZT8qQ7c2mM\nnr94O2bkd6Yva+E+w7l0mWLArIWaqQL3wXyRwWxvdaNIAX9FJOMLDkoDnxHTQIHA\nfeKUn3rjNKxDPKqdet2n8ew+mzDCgexDaHSCuE6/naGZlCBOzTtO\n-----END RSA PRIVATE KEY-----'
4,b'-----BEGIN PUBLIC KEY-----\nMIIBIjANBgkqhkiG9w0BAQEFAAOCAQ8AMIIBCgKCAQEArIEplgS8rFyfkJsGMl9A\nuBJlTO9yqDD756A1b4Lze8eWk9wnVtCnGsPu7yN7Tmu7sseDGttq1YSYLO82gxbX\ntX1S1K4vq3WLq2NBH2XEOiUTK9JX1cmgqR3TivSQrXvHexwYVXqpGY9JAuc27uGA\nSEr4ONCymX5G06QMntUTE36Qfe6KMQ0n7uAHnMhfw0yquqfDYnqkx0t6ZDcnsdby\nXLsu84oQ4bGA/OpqQV4T4peXEl+/s+fi8j7ulVCIWnIve7gyeHheMJk80nN6LWfV\n+KIqt84Ti4ovYXMlP0Q0zxRbm37+vJyeoiX9uA75iKCITYuBv01WeMOX9JQa3SPU\nCQIDAQAB\n-----END PUBLIC KEY-----',b'-----BEGIN RSA PRIVATE KEY-----\nMIIEowIBAAKCAQEArIEplgS8rFyfkJsGMl9AuBJlTO9yqDD756A1b4Lze8eWk9wn\nVtCnGsPu7yN7Tmu7sseDGttq1YSYLO82gxbXtX1S1K4vq3WLq2NBH2XEOiUTK9JX\n1cmgqR3TivSQrXvHexwYVXqpGY9JAuc27uGASEr4ONCymX5G06QMntUTE36Qfe6K\nMQ0n7uAHnMhfw0yquqfDYnqkx0t6ZDcnsdbyXLsu84oQ4bGA/OpqQV4T4peXEl+/\ns+fi8j7ulVCIWnIve7gyeHheMJk80nN6LWfV+KIqt84Ti4ovYXMlP0Q0zxRbm37+\nvJyeoiX9uA75iKCITYuBv01WeMOX9JQa3SPUCQIDAQABAoIBABaho2kRGgeq5yw7\nimaVZJJBp5SeXXZ/Zq0OsbP9hCAbIUAow+h521KBnhk1mHnDXI6p6iNd4fg9OxG6\nGHa+SnJ/DJzmdU6TT02e6e5KlaHjN06qe+eKWk+VoCk8yLZZ5OPb3b1pKEI4MCX3\nW5efcgsJ+uLJToUgsf4WKam03pnR6zYPBfsVqHsDiGepiuM2deGgBVdSo/NoSyLt\nAGg2DFavfnDhvOQrdDffx9w8ApBICoMbjg5cSHVV61WGSGCeo21uM6ohN7ms7kww\nFB4dxJtYx/M1KDxJXrgBQ8q1sFhecYhABzSatLAyidS/XXi8zmQdl51qII5i+GMs\nHGUZbrkCgYEAtQyrMVGc6RTzSpFvJmPL4tSolSf9NutGPZPQShD7w9b/Xas/tId8\nwu9EFUpqkNi1M54cMCHJhAwodm/o2Hlwz4Gm4KGAbGk+SNism55hdlLcrJyWsgJH\nQg4HiCmwQ+J/WdqNY5pD7riy+dqbnBTMvdy8WIDBIAbqj6OoSlGI0a8CgYEA8+rq\nBdvRFa7e4YMaQ8WHiW3j0aZVUJ6eUjceiKz9laOSk4Tn37g5Iy/j6cbHuEQ5XZWM\ntikvBRxTTuU5EDOwNWW+KDSNiQGDzeQHxLVv7pdCgZ65/OpWbdnDRoBN/96BTJX2\nchYVAFXZ2ttzLgxxQ3nNNDsZ/8OA0Vku/5zCu8cCgYEAnfRckx2p8OxXSjJSL8MX\niWGRZvhJgZWIZYbFTSk+DeFQUA9s9/rQzV1kH9MZ4B9BD7Sc0R1ZK7xTvOjr05k3\n48IwroAYg/zZ20I2bVqjm1C1uF6xVsKIGsgUqCX+42sDQohbnI9lPyui8jtYUbcP\n3YFsTSaf12pRUFovJA+4d38CgYADGLhf2qqM2+t4cXGj6p4N4JdD0hjDLUBVSt3Y\nXlnZzHnP5aAL9wrCp5j9HsjqTfNsfLmMlnlCV1m3ZrGSwxU5mFERsZkaZCqIMpzm\nomcJYGI3wwwZaeAvBNS10GstFGYP0teOGzmpB238mUydCQtnD+TLBPUPiivYfIlc\nNWFDgQKBgDUFyE7JnImEBRgobqMYdGxXifAAsWCGICTqMlmWCFfKIbFDlmGitcqV\nDVaUdysUNqyWi2JzqjM+g3FfYUppKdptGjSI54+M/7l+HpNvHZzCWuvCsFtQ0Hce\niGdaINvStCSFVtWFCjGZcMJsl5A3ClrI8DFTq4NrXv/t7R9aoDwZ\n-----END RSA PRIVATE KEY-----'
5,b'-----BEGIN PUBLIC KEY-----\nMIIBIjANBgkqhkiG9w0BAQEFAAOCAQ8AMIIBCgKCAQEAsZEsUOQCL49EUf0ayOeO\nuq9pp9Em6ypkpPcTmYqzpVWZ7eNi8ZCH6Pg2w1VpS/qY7eSs2UTcC/CgMjLdV5Xa\n7PYEnKyec9HOLL9qkbhMDANCYG8bphzOrUFt4gT5T62STUETHEusAcVbwlWoh+xi\nff9EZGF+qjd5Ch3j2tMZNputCxbFVFxmTMaBZjvQd9+r5RoamgSMIlRljJvPySU3\nCHF5ryKWgKTDnNOf30+6drBZBmKWB233+UOmr2Fs8sI81g5HolBc+tLOtdYCknPl\nPcz7qzMzF+FQtkmS2Mk1+7urv42mWUj1WbqzvOC5z4Q/L0SLyhTL7YoCQJRnmHjj\nFwIDAQAB\n-----END PUBLIC KEY-----',b'-----BEGIN RSA PRIVATE KEY-----\nMIIEowIBAAKCAQEAsZEsUOQCL49EUf0ayOeOuq9pp9Em6ypkpPcTmYqzpVWZ7eNi\n8ZCH6Pg2w1VpS/qY7eSs2UTcC/CgMjLdV5Xa7PYEnKyec9HOLL9qkbhMDANCYG8b\nphzOrUFt4gT5T62STUETHEusAcVbwlWoh+xiff9EZGF+qjd5Ch3j2tMZNputCxbF\nVFxmTMaBZjvQd9+r5RoamgSMIlRljJvPySU3CHF5ryKWgKTDnNOf30+6drBZBmKW\nB233+UOmr2Fs8sI81g5HolBc+tLOtdYCknPlPcz7qzMzF+FQtkmS2Mk1+7urv42m\nWUj1WbqzvOC5z4Q/L0SLyhTL7YoCQJRnmHjjFwIDAQABAoIBAA/a5R3x8LSwx7UZ\nyGGmX3W8Qk8O8Lkwh10S3Mf/J7b8c5VXZ5cnRHjLv7llr9RuHhKmh708wKM7oKpA\nJXMeeTZjFJqtb9aVUMy+aMnLLtXRwq8GrMLX2/0svvQ0D9OKrZTCr0NTCcWnYDVJ\niGtenZV04h/5HqIcou0Bfz4jpE2I/F1OWV9IxBZGPhlUnqsOu+kNhgM+YVI+ZGb3\n4SGqP6gIIyhLpdPJTYmXNffL2JDoASUGY48YddYGo9qgnRsBWYowtNgawzvGWZRx\n3nMR9HZW00TolboXcw0yJp09bCY6Z9TxlaJuImx+VcWtatudvH3owCE2yO+mvpBQ\nvjchey0CgYEAvlYpbrqqlEmjNrAnZqiW5BOCkhjpQvlsa1q/VknaQQuSTYN3KvTa\nDAaqXLDD85ICB1BU8MYJFimE4/OPdtmBHahg94OUNlPDVswRfUsz+E3lw9zPECon\nYE+6wWDXKmc4/repJJIkrcZXcFmxWEpJnuWgjYVfONl/qGMqv9sXp90CgYEA7tNB\nm+lfqXFFYjFg2LyqvRwrOFsAGB0v7WtiKxQu//MnhZIJ7DsNFsjeHf1CM1aaLcOx\nj9AUzmVPUC9i8XTN3lCCvQWXIjBR+Fz9/KUEqzk9XZnFGlxvVkB1wnBeTU2o6llL\neCVH3en1f2wdofkLhT7j3pFmxbm5ZSgCf588oYMCgYAVC1W9ZmohxxqCm2tf0FgO\nk5GmMZbozscL/5aUJco50tu0Mkrktvm8xqfjY6/mqEgNIvahQGQUzTZiNbWxAE9k\nRg+ijiu+7ff1Cs8MOVpfo805oJpMQTzlSyts4hYoHA2TLB9JadcgV4OnamNPTbdi\nGCVuQEbM9E9HAN/jIog1CQKBgQDsF5VtXsh9xgc0KeI2gFQ9PKKRRIyUSg4+I4DZ\nW0uXJLX2Okdq63lmA85oURvnin5CLYnTxH09CDPe7elfDvwRAQAtgmBEoQX3g15m\nKm+yIJTEeiW6iJRb7L89Jz5iJxqMCRgtPpWMECPsAmJM49j6sRAszwqM/qwDDwlh\nRnZ2pwKBgEC5mwsK0OD34oZcExQe2OFhYzM5xO8eLWeQsFaX193rkA/8QNwp7yB1\nynoU+6AaKmYUmQImkflRHyM8pTbHcnh/kAis9Ky/9oxZcgmmKHjXY8jmlldRE38A\nCxRu0Rmqi42qJ3NPnzB6dQRuhYwyOk7NrNLZ7SAeGsgbvc7/wb87\n-----END RSA PRIVATE KEY-----'
6,b'-----BEGIN PUBLIC KEY-----\nMIIBIjANBgkqhkiG9w0BAQEFAAOCAQ8AMIIBCgKCAQEA46bG8fw9CSxty90VKO2M\ny1+N1PaUx068mAwfRvazdDJgqGJlODVV3+mo8AWcCuoHJUfdwtGH1jK+A8AEqD4l\njuB2vQLbYorxICwOvLkWO8v9k71Dxq9GtuufgbX20GATy7DvqOFW8ARh+2iX0Hsf\nt3/6i9XWHS15rjeKJ6talVaXtqvHzpwrV2wCxEllV4grCyPy8Plrlot9ThoSMVSE\n25IBIz25oYn7YbL6rMcfG1sjTT7YvVlEE6aGdG7MN2HQh8bN2tEIJu1HdYNr5UkG\nB4BMMYR2GdBWYdGjlHYayx4UEv5bVjpUkk+A4JZQ340rN2+oB5eS9IXfBYufu1Us\niQIDAQAB\n-----END PUBLIC KEY-----',b'-----BEGIN RSA PRIVATE KEY-----\nMIIEpAIBAAKCAQEA46bG8fw9CSxty90VKO2My1+N1PaUx068mAwfRvazdDJgqGJl\nODVV3+mo8AWcCuoHJUfdwtGH1jK+A8AEqD4ljuB2vQLbYorxICwOvLkWO8v9k71D\nxq9GtuufgbX20GATy7DvqOFW8ARh+2iX0Hsft3/6i9XWHS15rjeKJ6talVaXtqvH\nzpwrV2wCxEllV4grCyPy8Plrlot9ThoSMVSE25IBIz25oYn7YbL6rMcfG1sjTT7Y\nvVlEE6aGdG7MN2HQh8bN2tEIJu1HdYNr5UkGB4BMMYR2GdBWYdGjlHYayx4UEv5b\nVjpUkk+A4JZQ340rN2+oB5eS9IXfBYufu1UsiQIDAQABAoIBAB9gX3e/SQdQZxKr\n1kyFjzwBn8oMMV3WCZLYSuBMRNgdUGqs4yAP49Xgfd8VGth7QIBgKx28pOD+LefU\n6Z9pr2IFqH/tGqE2nrzNLbvPs9OKjlj0Q1jpVBEGoT2uv4WhVGEk8ic/5axfokSV\nOiVrLugq/LSUxLXRTH3ZXFKS4MGHwvXm33JLCwqIQ2+vOOJlnfbPUTwGv7YkVO3w\n29nIcOklotXWd+3CcRkxrxM/cdqQp+eqliSIi326ErgHy+e3BnKRwiEsLy6ZhvOx\nV6f1st5oZllgcjd0k92O9U6dCo7nG0q/uaUDCA6S/2MB6LCV0bYdb1KeAFO6i7Di\naB+IUU0CgYEA5ypet7ve+6q/qsnv1orTzei7ZzVd2XSAWYBaRk/8X2UGuLd0ovPF\n3KkgAhNybgCVm/az7RXegzbg4j5fgVu99tHO6GPM1L35L4G3HGBiIh1r8J5Q7+LA\nwrrSdZUuMoHXdwURO+HOfUhCk7C5tNHrgXgyRzPDwDkk267JeQBdSU0CgYEA/BvD\nLCP8KIJUama494ZE7gDLcQv9wKiJNtPBqJ6gsAHP3L78q1gAehNLMjgBlcpU4xAL\nO/EXO25NiFIEnAxlasB79hMrC/U5D4krcxml+Oe6BtOeqnzXzl8mRCMGCYvdvO91\neAdhUTtankU61O82w/F/uh2DQ7q1nwis4YP3ci0CgYEAwtMA1RUvjyePNh/PVR/X\n9piJKSjfGeCIM+ZrLwtGhhedHJzxXkzZm2mmollFfdRcQwAfEFf4GtprmgI7d8ic\nR6L4IP/LqBkcJJ/Mdcv9qQbm6/ph+GtBTl0p9xNtxf+MWrEYn0FmSExYYCT3vp+V\nPp7QsRW9iwoeOFANWT+nX5kCgYBa0MVlyTC0hv5Rtd87iyqZcb/XYTJvjEahcXZ5\nf2ry/DQcmM/8CR9i2kBkPriTdOdPRCBH33k2920GhkUS0YRXCC+fXRhMnnGHnyn/\ntGWNXCwu+VxWndI/jRcDxHoQRkoCHWB7dG0iDfd+vAGNYv6fZwdTy/3VEBUMzNs6\nAYfJoQKBgQDYuDArvQ4343LoCY1y7pU3SkldzwUzQYjrRxesS8rOMXWrS0ujp/mZ\npqq18lQ5WTZTetOHewTpd2QGNu6ikoo5Vw5+hX6jTnF4qVICiu7sHGWTqNC0+qy8\ng/A6e6Tgfp+Kg8WbnD2snmvN0fQBH7cnltTDpfGaSJ9i577S4imS5g==\n-----END RSA PRIVATE KEY-----'
7,b'-----BEGIN PUBLIC KEY-----\nMIIBIjANBgkqhkiG9w0BAQEFAAOCAQ8AMIIBCgKCAQEAtJXs3nZ63Pzqn+ZriFwq\nVGsvz3dBAlQkCTwjb7Oc1x7wFGsWgSyb1YZfQNI+/2GMtPmkH7fuxZE3nE7nJc4S\nVmuworhbjVW7a//KVqjeJHTXB73c+A94QD5baF+ZiSH7w1nMfn45u7nSsCh5sIQ1\nRsfCIU3z4GsaMKYSOdeJ7zePaoSq5Wb5tFsU+wRkDInqhPqX9MsVRWbx+mzsbE72\nXwkn2o+XSjA2LaTFlfSL5tvJBCALjWX743K+KO7p/5JEVw7+i75dRAMNzb1WEr5B\nC97TQBJaqk7wO2+prMbGPD/3oWL6LcemSOUhX8b6yTJ3Sqivb+acZfSiktx/lqUG\nWQIDAQAB\n-----END PUBLIC KEY-----',b'-----BEGIN RSA PRIVATE KEY-----\nMIIEowIBAAKCAQEAtJXs3nZ63Pzqn+ZriFwqVGsvz3dBAlQkCTwjb7Oc1x7wFGsW\ngSyb1YZfQNI+/2GMtPmkH7fuxZE3nE7nJc4SVmuworhbjVW7a//KVqjeJHTXB73c\n+A94QD5baF+ZiSH7w1nMfn45u7nSsCh5sIQ1RsfCIU3z4GsaMKYSOdeJ7zePaoSq\n5Wb5tFsU+wRkDInqhPqX9MsVRWbx+mzsbE72Xwkn2o+XSjA2LaTFlfSL5tvJBCAL\njWX743K+KO7p/5JEVw7+i75dRAMNzb1WEr5BC97TQBJaqk7wO2+prMbGPD/3oWL6\nLcemSOUhX8b6yTJ3Sqivb+acZfSiktx/lqUGWQIDAQABAoIBAE0GGYb1gAgb9DMJ\ng9ogfYmOQlE6K0dD/i7WMMMnGAGFV59N4cZs8XbMnno2ctpYkDxssj05JaWs/8wy\nt1Kfp6CmxCtTePE6nPs+md4GnuFr2H+b0tEXQBIexrwo8oLUNN8owRk+238fjibG\nzMimS1cKQtoTtq6E4CHZ47I6JcIa9sCr1t49P+R0HDA1vur3h/FDbaDN4CDng/Xa\nzXTzJ0IQcXGXrXEckDhk5+vUGiS3rKz1vgLZJMLfd+t+/DEfE9PsQa/hr8Kdm06V\nlV6Ya/LKjsFVh6NBeNp9bskRrJXf00y4DvApyFgJ5Mt/BqSAeBdYFeFKfFkSUTl2\n1acG+XUCgYEAvdeeBjCyZs/j9fimOR1W8qcJT+xPvhtp1z/Y1Gc379odEK6HT0kY\n47zttE1PwJ4FXMBW6wHjEVt8FIJQ16zidtArhse6RacJX28csDfXZ9CjoFLlIt1L\nPFHDyKlc2qQw9zDwJ6GsbD1aqs6GY+Vq5nnXvhinsAGaXkhXva2Cs4cCgYEA84R/\nsNb+Iamtucx45kASQYBCc6bSruIxAV3Fas2q++JwjO2eLs/Y5YDn3BOudM4VFHWC\n0dVvaaWuDIqvjF+uBs/HMzAGVIM8wbgfbPjAFgDhKMxn53eAyO5nUWOuTH3/6qDm\nxM7TnSg2jpX6xmN/y96iY6/gNAEW8SCQbuIorx8CgYBu18sLgDlZ8D4Aqvqa1Hek\n3ESCps50iFsG899tPQsa/zYDPHQCpgJjTjdYE9/h7iHhYugc9RAYXVsYOnJrSyU7\nDBat7kXjT0EYuK5+cUxS8C3peR0SezTndjIjIkf13PI+EhPWf/5FgJlEq6sp/pSp\nFzERbCHUkUsJi6G3POzYVwKBgQCH3KCxNQHMHjLCuoWpUI3e5YQtqiFZWPEmZf7C\nu8Rti8RnnBro2yWTxfuWGZT3rhKsu3MlRwNF2h3k+Ws/0hHx0vK8aErf0+iN3AAM\neCwTGqKEdKZzyYSclgYmroqMOrARY3vcydfekpT9sEedb93ZDHllTLa1zPXTyetL\nMfqo2QKBgCVGpFvW+VxASpnstHODnJ3yYAOiAjQOMWW8o8O0vbXA6b2dO+tiEwYI\nVF9jyaoNmGAF/lQL5mw7pQKuJizf0kfbeUe4z1Wi4EBXoNW+AJ67aYqwMz5n8SJ0\ne5bAZiSAjMWB2Y/wLSaAPXt+hyTQ6kW5MXE6n+Ka9mf+a/a+a42r\n-----END RSA PRIVATE KEY-----'
8,b'-----BEGIN PUBLIC KEY-----\nMIIBIjANBgkqhkiG9w0BAQEFAAOCAQ8AMIIBCgKCAQEA2VbfRSnAt7Mm4CiCpj1x\njFl935jy4gy+FsCeoZ8OW6Q0WL3GsxkBshecA9vl/whluz4iGatN7UD9zbe9QT7s\neymBoID5UraFF2jVVwnah+8iY8kSEIx2FcRGGdmUoe2OrUjHk2kVtULdeveWhuoC\ncPO+26kVlN7Q7qd/c5u59/h3aF9OFiypsYDubMWSkZ3BRTtW59FmBpxvqcnGdy54\niMjzMSwY6TD4YqnkFpfM/h3hHKumZThWjIySURGHm+5CNqKafILTi5fjZLRhOrtd\nIVvk8U0/ehme0lhNR1Uji/1T45d9MN+y6nboIWaQa6qKCEXzQJEeBeCdcgS7V44/\njQIDAQAB\n-----END PUBLIC KEY-----',b'-----BEGIN RSA PRIVATE KEY-----\nMIIEowIBAAKCAQEA2VbfRSnAt7Mm4CiCpj1xjFl935jy4gy+FsCeoZ8OW6Q0WL3G\nsxkBshecA9vl/whluz4iGatN7UD9zbe9QT7seymBoID5UraFF2jVVwnah+8iY8kS\nEIx2FcRGGdmUoe2OrUjHk2kVtULdeveWhuoCcPO+26kVlN7Q7qd/c5u59/h3aF9O\nFiypsYDubMWSkZ3BRTtW59FmBpxvqcnGdy54iMjzMSwY6TD4YqnkFpfM/h3hHKum\nZThWjIySURGHm+5CNqKafILTi5fjZLRhOrtdIVvk8U0/ehme0lhNR1Uji/1T45d9\nMN+y6nboIWaQa6qKCEXzQJEeBeCdcgS7V44/jQIDAQABAoIBAAfI9FNqZPRPjv9t\nhAyHW+del0Mom96b/T0cZjI828tNjPB2z8S/iw+Bh/2dZVYmy1oTJi6MM8zhTJYP\nVFCfe+IHgRSqOgQL9KV7hFTLThAbcTxoyeRc26f48VfgstHADCHJ3xg5JeVpwTwz\n3Sj0/eRk3rvIiTTdbFd4GXkfJWCr7VcMH/Se3siCS1AZdLsaPrmdTaL+ICDSo85y\nGIHdXVmzpkBPsvf1TFH5TelnMh+na0zvZ1XwREl+myvAlqn+Ct+ccN+9NsbsXhER\nmitPK5Vl8CzBlVQEN6rZmcuk8n2kmAUM6hBDWAd8cTdxWcTOO5ZhCN1ZCRxahMYg\nMYeSicMCgYEA5M+fl6Ffp6Xsyy92BK0BOn5tNSCHm2p/V75S1YyMxja2vxJFYliU\ndRKu8fFu77ZArjK9YEz9RVghkypQGfaavFScag3wz6boQYkZLKWQFqIKjDWlo2Bp\n8zlxDH6fqkmAhJ6jGxD2JGCZEMvF8tYcJm0JRusQ5lPF1PI4Y6BdADMCgYEA8ypI\naMjKPNZoQ3ncJBsj4QhXrIPdi0GSM44gac4g4eok9zgm+AiYHtiAAIR1olq5tRVd\npB1mSCN41Alkanl2+sUlRUu39q7aYb367WGa2PJrgtxJpvCteB4G3MGmBy5ppztB\nlG7SWfB83yTto0ra9JQ+jhW3WRPpCp+lHxapAT8CgYB42izqEsMKMnpSi1vjdlla\nwuH9mJPng6WE+7KWtmi4XLfDTew12KF5AIhEpAe7NuEM4SHjVmbDlJwPNd8fB4CN\nDoebAIf7taWgz7/rM/tZ6PZ3PfKhy0/KtsE+HzdH4xCte3ic2CWZ6yeNloOUEoDF\nzvuCaLABZ6frJJCiFlZovwKBgBW5XlS2M5Mx2IjGt0smfZMaKrMH6OALEKO4e97Y\nAooMYBcSFjEsm2KOFwl0zAmgL10lNoN1+PBS8vWGjUkR5vZKbKT/OcU5I9t9nJBe\nmvXs2nwLcC0Q7X6AuD46srmLhPbizV4UdIiCerV42B4xjtQw9lG9UO8NX1GKp7ba\nUGkDAoGBAJ6LlghfKXqZZByMgxcSxnL2dPnZYomynFs9aIaI09TikC1t5Tpq9UHE\nkxttQMxSOAuD6YQXy4eEl4gyOHGfR5rlmfSCokglCBJuR0LKm1ESWEVJ26EYoTfI\nCyWKF26IbmJHfOje5PH7wWO+/pRpRN0WAzrS6aQZMbqfTcTnDAFW\n-----END RSA PRIVATE KEY-----'
9,b'-----BEGIN PUBLIC KEY-----\nMIIBIjANBgkqhkiG9w0BAQEFAAOCAQ8AMIIBCgKCAQEA1YZocuHVUPhv4AuyZpuN\n1jGlkINAivQ/Kf94txABFKKrU99iqPCpSDa2sMFkPfoSLzIu8/zM0DRhnT+CaBVl\n/+g87CAyo5dmPxOLjkArcIW1J7groIaOUzkoiHzdG53397xaoIttwRGqZFawJ8VK\nqvblbzIb7sdiiPTOTNigJcwCp3/VAZn9EBEXpxk3hesDqmo/yWAXt2tDXyY3jody\nzImUACvEWN1RzSkoRMJ0WXBDndbFOJ5UCRe62UZLnkKsd+GlZXEJBFgmCTJBqhQ7\nW87BVqsBFCf+Li52+KEdyqe3yvpsLF3jxnkAVbLlVZ+J4UuHf8EjQ1dry6oYgOf1\nsQIDAQAB\n-----END PUBLIC KEY-----',b'-----BEGIN RSA PRIVATE KEY-----\nMIIEowIBAAKCAQEA1YZocuHVUPhv4AuyZpuN1jGlkINAivQ/Kf94txABFKKrU99i\nqPCpSDa2sMFkPfoSLzIu8/zM0DRhnT+CaBVl/+g87CAyo5dmPxOLjkArcIW1J7gr\noIaOUzkoiHzdG53397xaoIttwRGqZFawJ8VKqvblbzIb7sdiiPTOTNigJcwCp3/V\nAZn9EBEXpxk3hesDqmo/yWAXt2tDXyY3jodyzImUACvEWN1RzSkoRMJ0WXBDndbF\nOJ5UCRe62UZLnkKsd+GlZXEJBFgmCTJBqhQ7W87BVqsBFCf+Li52+KEdyqe3yvps\nLF3jxnkAVbLlVZ+J4UuHf8EjQ1dry6oYgOf1sQIDAQABAoIBACmXUDIMbi4i7jvA\nW4QkCZkuu3auMjy+vazzD7LswaEg3GluajvJANhJnAVK7jkqRC+AQWgSFlz5zwe/\nrqmSfXc+59sAnIyD+Y0QxA61ziBRUwuFEq5md0ObrxsC41i1SO8u96Is9nh0dfGs\ndwyQH+60P9WMd6dnm/hcYvDSA0PJIYJHeJS/iTR3/rYFcRgGfTdIAQ37NwksuuBk\n0/iUtn6N+tKsxgRjgcPCEtU1UU0/8R2I6wDbWbfXzRqC9o4+DrbCeAjuPi7kZS/M\nRaI9G0b5nVefnx87AJm0Yg7qNJydWs7pvMVnDIugzGMb7JaeM17o9TFBcLwGoin3\neLvlcF8CgYEA3NUfEif8LZ/w8UQlpoK1WDoYzjA9fHJCY+2cfD++VEsBFbxEm2mQ\nGkayaVc97hXp1zA2+04bHDpRryu/1KAyz9ZSKKXCD+Vl14PeLEZeOqb09nxW8Cxj\nMGA00ll3e+Nb8VaL6u6ZTcmnXNrDQ/v6c47S5y4qwaykt+8HzxRCJ0MCgYEA94dg\nUA5oCUs43OsOIsGKflTuDySiwvgoI8uWLYwoSL6Wl/tBVtCwSnYDQ0JDWT227U5Z\nZfN9XFeh0azctLb1QtH3odIY+gAkVHkWFntzO4No3ycdtvIiXAYWNGxhZvffEFGL\n9ecl5jNCPeX1UlitLeIpc2dDYK/ZNmv3sWhFvfsCgYA0TzeA8X/GvvAv9liEzMlw\nELL3hG3MILShPxOmSuMmzG2BXItT1PmRf9WbJlNBJmex1XXwqVu6oAXhXJegIiJn\nIPltL3Z8lXY+SrpB+pkvg4TbLjDZy2njd6aLfS3UZtLMpBeYmtQtnOrMD/XZEMMO\nxHIo2MLABcku2Kwc3UueSQKBgHwSfXJjZj6SV/RUVgeR36unQpSQlo0H+obGu4Yl\nJOQhtDaGGKA9hsAsG0KRalTHHHQiu6jgvcuVmWUSMqbatmFCAdA5EY/ulkdJUor+\nYipImj6QytIy2Ior+uFYGhKU2FjDp1YhANw8gU2pgKhADr5bCM/xyNIkEsq2n7dr\nPtoVAoGBAIsWSkjmyRdsHYBUpXrYnDLMFmlRhE3/TX9f6TZhI6vvQSe2AwP4Ps3l\nG21dupsmg/rnVfes2lViW07aV1OCwqw7x0WyST6+dvAPNRBTfi4DxD7g0qQK8K52\nKMXUmuhvl7v78NKuOzEGIiz60UYZJ0NphjahDt5kiZems6PvAfSF\n-----END RSA PRIVATE KEY-----'
